student_id,age,gender,cgpa,branch,college_tier,internships_count,projects_count,certifications_count,coding_skill_score,aptitude_score,communication_skill_score,logical_reasoning_score,hackathons_participated,github_repos,linkedin_connections,mock_interview_score,attendance_percentage,backlogs,extracurricular_score,leadership_score,volunteer_experience,sleep_hours,study_hours_per_day,placement_status,salary_package_lpa
1,19,Male,6.32,Mechanical,Tier 2,2,4,5,80.91569875633479,30.74395929928823,35.551353535129635,43.45611256056191,1,4,380,95.7013098608936,89.81574829378843,4,73.65187962940469,65.23045393790912,No,4.8,7.5,Not Placed,0.0
2,19,Male,7.88,CSE,Tier 1,2,5,8,70.8361736256267,74.24941872952633,61.51257209714335,42.9654790243797,1,5,623,72.65708347229369,91.71123383311576,4,74.82930600842658,80.5616748976328,Yes,7.9,3.3,Not Placed,0.0
3,21,Female,7.96,IT,Tier 2,3,4,3,79.1066471413356,88.78484431963999,70.0456958933993,74.27584487691148,0,3,666,64.68779118462533,59.1766349392036,4,40.0804675012794,57.12565646449436,No,5.6,1.6,Not Placed,0.0
4,21,Male,6.72,CSE,Tier 1,1,5,2,75.36265047619776,58.457664771082506,73.2697729503101,68.26776640385278,1,1,347,74.04105548003255,87.67513690245015,4,82.60187380263069,59.52384165756926,No,6.5,2.7,Not Placed,0.0
5,24,Male,7.75,Mechanical,Tier 2,1,6,3,63.974468924496094,66.23747105674737,59.882189081139344,38.81461280857133,3,8,79,72.96831775664582,100.0,4,52.55996579694546,51.31893580071717,No,7.4,2.3,Not Placed,0.0
6,20,Female,7.84,EEE,Tier 3,2,1,1,91.62539909368972,80.50380144736978,79.59625152385149,30.90338382136073,2,1,834,54.4151027396222,65.07655288918369,0,12.984813706510074,64.64800945933408,No,6.3,3.3,Placed,5.2
7,19,Male,8.43,Civil,Tier 2,1,2,1,62.94889600984007,82.12128908739138,54.6403184075506,76.6830795652858,1,6,174,65.81031179501686,75.41275985315542,1,53.238978712091054,46.89484473130374,Yes,8.3,0.5,Placed,6.57
8,20,Female,7.04,Mechanical,Tier 1,0,2,0,70.8346047037603,73.79359306880616,61.592630686326686,72.79864299160272,0,2,928,65.56346763125083,87.0296769752073,1,36.688156422700025,53.977188994607104,No,7.8,3.4,Not Placed,0.0
9,21,Female,7.44,Mechanical,Tier 1,0,6,3,94.61577269889382,59.6966769310876,53.89115618486358,57.84896886975161,5,8,869,89.53179543933784,60.28008553879524,0,46.620116712830566,62.438045626441706,No,10.0,4.8,Placed,8.81
10,18,Male,8.0,EEE,Tier 2,1,2,4,56.31333973731644,77.8748815752792,36.5506191523509,89.73849847410509,2,6,356,87.15898658566788,80.92243002161322,0,72.28470839100522,61.60092695354847,Yes,7.4,4.0,Placed,10.91
11,18,Female,8.12,EEE,Tier 2,0,5,3,88.37024347287354,57.21245873110912,52.99071938987878,83.60678611238185,0,2,428,67.3385475638871,84.26951005904138,1,88.68976297087335,62.51351818016105,Yes,10.0,2.2,Not Placed,0.0
12,23,Male,8.28,Civil,Tier 3,1,3,1,71.08541483724645,53.03681575135234,47.67949851157505,69.88966021748458,0,3,179,79.24216379731676,94.42429556763253,0,29.627570988199,64.06778552238052,Yes,7.3,2.9,Placed,4.93
13,21,Female,7.52,IT,Tier 1,3,2,3,42.11881637404751,70.7364215438647,30.449481084021272,35.678127182639635,0,5,928,77.40321831036387,89.13910842731228,0,89.99031254778455,63.69371306802033,No,6.2,1.8,Placed,11.28
14,23,Female,8.23,IT,Tier 1,2,5,4,57.46269909835085,76.33714188900133,49.076989502181405,55.3092026716557,2,1,934,62.79596576451627,93.97924979556484,0,26.31140515136518,62.60458776539304,No,5.8,2.3,Placed,10.36
15,19,Female,7.95,CSE,Tier 2,2,5,1,62.34405514283513,79.93119054011996,70.06376198364208,82.78128495721705,1,4,520,73.30793176427217,90.10007485334054,0,55.80363843383488,89.73266926756152,No,7.7,5.2,Placed,9.47
16,21,Female,8.4,CSE,Tier 1,1,3,1,79.44307352025359,43.47583813606553,86.67108298930427,54.39412851855898,1,4,602,49.0534626289747,95.1664782673545,1,74.54664919940248,78.62826888214036,No,8.0,1.7,Not Placed,0.0
17,18,Female,8.03,CSE,Tier 1,2,3,4,100.0,58.03673459587094,77.26158083917153,49.60773316970814,4,4,307,78.34488632338665,97.99863468045788,0,63.3239300898021,77.01727771931444,No,8.3,4.3,Placed,14.25
18,22,Female,7.9,Civil,Tier 3,1,3,3,74.623525125787,47.38090794728743,35.1628523895244,76.33030608324752,0,1,825,78.45097488274143,91.08836178338308,1,79.93289993055382,86.29008782167006,Yes,4.8,3.9,Not Placed,0.0
19,22,Male,6.12,IT,Tier 2,2,2,1,73.22196315856496,93.34513742014872,86.78355556817795,63.813260579650326,0,9,583,74.31799407695459,100.0,0,56.63015963277385,68.29803385228564,No,7.2,2.7,Placed,7.68
20,22,Male,7.47,IT,Tier 3,1,3,1,75.06178014331756,58.881252219517776,76.88824841232343,75.22829885026394,1,9,499,71.41889359104019,85.13607868100107,1,71.94768609829187,74.00501197348808,No,9.1,4.5,Not Placed,0.0
21,18,Female,7.14,Mechanical,Tier 3,3,2,3,57.71178406947625,74.8473606000745,72.47931966807019,64.97583315798805,0,4,304,59.83651964821336,85.4877951414433,1,73.6499282892855,74.5988813420684,No,8.1,4.3,Placed,4.95
22,21,Male,8.19,ECE,Tier 2,1,5,2,55.29296400648733,63.20584299337558,69.59118545435325,37.56322166060066,1,7,255,80.79468305598253,85.42791535565505,1,57.440680086752856,66.47076046664766,Yes,8.4,3.4,Not Placed,0.0
23,20,Male,7.93,ECE,Tier 2,0,2,3,80.21040308884287,70.49832049414223,57.57210434620866,64.23932610309284,2,4,228,67.29384246575755,93.71312597147558,0,62.1522797726102,47.83837213329993,No,6.4,2.2,Placed,7.91
24,23,Female,8.81,CSE,Tier 2,0,2,3,57.84770213569541,64.71264811776733,66.6909543345566,46.59003737128381,0,4,900,64.64916344515673,85.62251046979259,0,52.38127482985152,77.58276208557398,Yes,7.5,3.5,Not Placed,0.0
25,23,Male,7.4,ECE,Tier 2,4,5,0,75.96876482033694,74.34826766239374,71.50983778245254,50.86475423455085,0,2,921,89.34021567622261,82.49527023627981,0,100.0,37.93217323420585,Yes,6.3,3.7,Placed,11.19
26,20,Male,7.56,IT,Tier 2,1,5,5,64.48514984726887,67.17062142756464,92.79255751033908,47.37332478969064,2,6,308,55.51168627214871,69.60815287779798,0,95.2587548074972,84.49602218111582,No,5.5,2.9,Placed,10.23
27,20,Male,5.89,IT,Tier 2,0,3,3,45.455027759989605,73.37851563916027,71.27180772128753,39.683174480123,0,5,802,85.9810301764874,88.23695037761244,0,94.6692759488938,32.80944868269938,No,5.1,4.0,Not Placed,0.0
28,19,Male,7.4,CSE,Tier 1,3,4,1,87.00813655181585,62.275933352626815,83.84887846397996,64.83814465443241,1,5,671,74.95217723337844,75.71726752226672,1,69.62363084665553,20.92951674936284,No,9.0,3.6,Placed,10.68
29,21,Male,7.25,Civil,Tier 1,1,5,2,73.44810321403402,74.74213032854078,61.53914936706767,83.06181263910943,1,6,991,73.59757707096344,90.16258836166206,0,47.394369190658125,49.26871603673263,Yes,5.6,3.5,Placed,12.0
30,19,Female,6.59,Civil,Tier 3,3,4,4,47.41785422949887,52.3137004885443,59.33285301659673,59.12836771092661,1,3,978,68.91756775743616,95.19298660250244,1,59.08046758497234,34.29251158806198,Yes,6.9,5.5,Not Placed,0.0
31,18,Male,7.4,ECE,Tier 2,2,0,2,77.74038368194464,58.1736600811453,81.68484806373506,63.15475481486398,0,4,482,63.68401395302042,65.51317330723492,1,22.821288675166063,33.71952603921109,No,6.3,1.1,Not Placed,0.0
32,21,Male,9.19,CSE,Tier 3,2,3,1,59.19890084980791,53.47077315737402,81.51717407409187,49.68546053219838,0,5,87,63.04255821931046,84.25365216875123,0,77.3884928019601,1.202479801860207,No,8.0,3.8,Placed,8.01
33,21,Male,7.94,CSE,Tier 2,1,4,1,88.2322637692438,67.24576587394687,40.20278031521365,80.28391080189097,0,4,755,68.23472919882884,89.94841556871724,0,56.78356974003856,14.806822836671188,No,6.4,4.5,Placed,8.34
34,20,Female,8.5,CSE,Tier 3,1,3,1,66.21248806313422,80.60329333108248,50.62177713665449,73.01758023818904,0,4,179,69.61832649872066,70.93433155056084,1,60.33817161137746,52.23032970611143,Yes,6.6,4.1,Not Placed,0.0
35,21,Male,8.55,CSE,Tier 3,3,2,4,70.46411146442193,42.00236163568489,84.36622857811304,59.84684409608059,0,4,961,81.87814211454636,100.0,2,71.8200891098162,54.21698552735928,Yes,7.2,3.0,Not Placed,0.0
36,18,Male,7.6,EEE,Tier 1,1,1,5,68.19576931813197,63.51557895341624,55.180577459560496,41.13181995018326,1,4,604,51.62002104124875,78.67464637303264,0,56.61824532150792,28.02274581350297,No,6.8,3.3,Not Placed,0.0
37,20,Female,9.13,Civil,Tier 2,4,3,2,27.35722426131305,54.15217838540752,46.11377223642441,47.74686453243062,1,3,358,68.30065171235482,89.25427293071955,1,26.878402393141847,37.26394782934446,No,7.0,5.7,Not Placed,0.0
38,18,Female,8.92,EEE,Tier 3,2,1,1,76.01654856859957,66.41253767111716,62.40875533615993,61.15361495040479,2,3,197,74.50717933378075,78.90897469388955,0,63.90201673125795,33.42340492442872,Yes,6.8,1.6,Placed,5.36
39,23,Male,7.11,Civil,Tier 3,1,2,2,73.16142266987765,42.64118767396894,81.09522137909697,86.33765103140449,2,7,457,59.51491839206759,88.0925517136735,1,22.57394580195018,27.03448979518398,Yes,6.5,1.4,Not Placed,0.0
40,19,Male,8.15,ECE,Tier 2,1,3,1,34.84641258938615,81.72471990324016,68.91919292425888,53.40721985344334,1,2,163,74.3298365326756,91.1743015857177,0,70.79749662715086,45.861864924492,No,4.9,4.3,Placed,6.86
41,21,Male,7.07,IT,Tier 3,2,3,1,70.59964246477513,100.0,70.03710437809438,60.79424868785587,2,2,105,62.09501457230386,89.93844196588292,0,31.774698637284445,33.253754438831386,No,7.4,4.4,Placed,6.74
42,19,Female,7.08,Mechanical,Tier 2,2,1,0,67.54728209446787,61.84106527979669,88.5206629280591,59.37072773808708,0,4,960,72.60412959948857,73.29212804329629,0,79.15911612620442,85.79716965785208,No,5.0,5.4,Placed,7.68
43,20,Male,7.6,Mechanical,Tier 1,0,1,0,84.26222893232949,66.8880677965743,86.79586957937445,52.97671475670495,0,4,443,47.282420342021005,83.3813773975259,0,47.16069183393556,29.082065490410805,No,5.5,1.9,Not Placed,0.0
44,21,Male,6.58,IT,Tier 3,2,4,1,62.47595406804892,56.68902601221627,71.89199239815599,53.502744174208566,2,2,226,80.71788327194152,71.30571332685768,0,42.64273287826439,51.82103823180788,No,8.1,4.6,Placed,4.82
45,21,Female,7.5,EEE,Tier 1,4,5,3,78.99376843164208,56.75669953208759,70.71473662058483,57.33362026043768,1,5,656,48.08062357428126,95.03510450104736,0,22.784872339616093,44.67713829473978,No,6.1,5.0,Placed,11.45
46,19,Male,8.58,ECE,Tier 1,2,3,2,68.93510162460385,53.76979828572664,100.0,62.52995365419432,1,6,868,72.87403580732654,83.06360109664888,1,25.325371580302143,35.94560205769101,Yes,10.0,3.3,Placed,8.59
47,19,Female,8.66,IT,Tier 3,4,3,1,22.514600252073976,49.27682930450686,73.73962829618355,61.74851622188002,1,5,489,78.31131237458291,83.13731581388599,0,69.87825510783912,29.425298843402054,No,7.7,1.7,Placed,5.5
48,20,Male,6.65,CSE,Tier 2,1,0,3,49.6835170986988,69.77763269216844,54.844838207350456,82.12188961623892,0,7,938,65.39721013639189,98.27027221622755,0,55.09144243282481,88.71583764457512,Yes,5.3,2.7,Placed,7.36
49,20,Female,6.41,Mechanical,Tier 3,1,1,2,74.11466179920909,52.89790802464202,79.0149135621914,54.55601539771072,0,6,427,80.42677769967108,82.98751079859815,1,77.90743147652641,85.70210704344503,Yes,9.3,1.8,Not Placed,0.0
50,22,Male,7.99,CSE,Tier 2,1,0,0,51.98162114014459,56.14469717029424,75.15011436490636,94.52038876566432,0,0,645,46.58998245656028,73.03093981384855,0,58.43194286515572,43.470159367859424,Yes,5.6,2.8,Not Placed,0.0
51,22,Female,6.88,IT,Tier 3,1,2,3,65.97475382105868,52.04273676024657,72.10576396905631,48.99187838079912,1,3,263,55.57216176461118,76.40399291316552,5,46.634780188157,32.37141241893171,No,5.7,4.2,Not Placed,0.0
52,24,Female,7.21,CSE,Tier 3,1,1,4,80.1964010613175,60.07823671423089,46.52320362272235,50.58665196996175,0,5,92,66.86814488299083,100.0,1,47.56384879890843,37.42990490570167,No,10.0,5.8,Not Placed,0.0
53,22,Female,6.79,CSE,Tier 3,6,2,1,41.6083772867318,47.445467487714346,66.76134883058958,59.30992064731104,2,6,866,53.829071489414,63.20464596003636,0,75.31639224743057,21.240436025620035,No,7.6,3.6,Not Placed,0.0
54,22,Female,7.46,Mechanical,Tier 3,0,8,1,57.11425859616378,86.83972004036639,61.07405851483208,51.68428508706035,0,2,324,55.37146774283441,86.75709800083212,0,49.731471201803,48.20181087600783,Yes,4.8,3.5,Not Placed,0.0
55,24,Male,7.3,Mechanical,Tier 1,1,3,1,67.25291234733359,59.34005853603296,46.55631129482023,76.81187063286603,1,2,162,65.982332012542,89.95262805318872,1,54.63329197164363,67.04321020497663,No,5.7,5.4,Not Placed,0.0
56,18,Female,9.35,IT,Tier 2,2,2,1,72.17164485876994,68.00868704128621,60.7035544633753,97.61990063174578,1,6,926,78.76837540801071,80.91269355215054,0,58.56061884868468,61.03991097839638,No,5.8,1.3,Placed,12.97
57,22,Female,8.93,ECE,Tier 2,0,5,1,38.97842236519905,83.60254194212351,100.0,56.13001416922037,0,5,721,78.82512019607242,86.0640304202604,0,62.93610694143289,18.91974206089961,No,8.3,2.5,Placed,6.79
58,21,Male,6.8,ECE,Tier 2,3,2,3,60.59596692882516,44.17355640730904,36.065479873097615,37.26888386698253,2,2,591,81.49322318501174,90.47929093136898,3,39.07430565087023,55.28688506554063,No,7.9,4.4,Not Placed,0.0
59,18,Female,7.8,EEE,Tier 1,0,2,2,57.5876126967393,77.00410907894371,70.07173915588324,81.03126674333629,1,1,712,83.52777603109283,81.46534817007993,0,64.44543469277932,54.25314175880629,Yes,6.4,6.6,Placed,10.56
60,23,Female,7.84,CSE,Tier 3,2,2,5,66.60329919396013,58.013216388988496,74.2258031948736,44.543194866709726,0,6,871,81.26535996237263,82.44241147877042,1,72.28067633397502,58.30661142017251,No,6.6,4.5,Not Placed,0.0
61,21,Male,7.8,Civil,Tier 1,2,0,2,76.8325330134613,58.13209048558175,56.10017021182194,72.3524592352894,0,3,908,83.51784107020268,75.2660357168041,0,38.35911103188138,7.02563723292748,No,7.4,1.5,Placed,9.49
62,18,Male,6.2,Civil,Tier 1,1,2,1,71.4648301713934,65.22989421326197,72.33941707685567,64.00839029996621,0,5,780,72.20223989133778,77.07850902750673,0,22.27904413587288,26.355218199785625,No,7.5,2.1,Not Placed,0.0
63,20,Female,7.92,CSE,Tier 2,1,3,2,36.22515781296182,70.83584658406359,78.58646798572258,67.6339087801444,0,5,345,86.1207684767105,85.78341338654056,0,37.44928852975796,72.74186106015534,No,6.4,2.6,Not Placed,0.0
64,24,Female,7.31,Civil,Tier 3,2,1,1,78.76898894018551,64.13827370327202,68.1189361132861,62.2165558275191,0,6,72,86.31862152111081,79.61965372228215,0,65.86565805080404,55.68717309270184,No,5.3,3.6,Placed,4.76
65,19,Male,8.35,CSE,Tier 2,1,3,4,57.327157343900765,64.88950600553002,51.0618101734746,55.45899131809882,0,6,128,45.164246276352046,91.11166465239914,1,58.695634675403454,30.7393686424424,Yes,5.7,7.2,Not Placed,0.0
66,19,Female,7.5,ECE,Tier 2,2,2,1,76.83378763905222,61.59331616639412,62.41151642788129,46.18197806343633,0,2,262,79.85862297316942,86.57742091849995,0,40.87238898587475,45.59151597464902,No,6.7,5.2,Placed,9.06
67,21,Male,7.51,CSE,Tier 1,0,2,4,77.25478557320687,69.3903783488061,43.15583712991685,56.29697429807568,0,3,62,63.28836982137656,78.37508220848142,1,50.157620503035645,70.2971840997808,Yes,6.3,2.1,Not Placed,0.0
68,23,Female,6.62,ECE,Tier 2,3,0,0,83.5167358186439,91.78332854252682,68.37921917833381,72.21199255250936,2,2,580,64.74298970855155,82.28016104181673,0,42.00305580141228,62.27517372515356,No,4.8,1.0,Placed,9.88
69,20,Female,8.09,ECE,Tier 2,0,0,3,54.0233889867794,48.3133724998323,73.23790401012232,82.75656260954014,2,2,252,89.62607442464983,95.40730662758055,0,86.45330896502497,60.709866195941245,Yes,8.3,5.7,Placed,7.97
70,19,Female,8.29,IT,Tier 1,3,3,3,48.16470372359767,68.63717495934107,49.37590395457132,54.7962115508883,0,5,846,62.98553179019152,96.49361668911104,1,67.57727527742614,48.03139303173301,Yes,5.1,4.0,Not Placed,0.0
71,20,Male,7.77,CSE,Tier 1,0,2,2,70.58971669817845,79.90216925747312,77.56563737272184,69.22853346425917,1,7,158,70.49423045536095,92.54014795732188,0,52.1116099569045,81.57031901811207,Yes,7.7,3.7,Placed,11.42
72,18,Male,8.08,CSE,Tier 1,2,4,2,60.6055475503142,32.20855598812552,73.25593134703367,50.28434957634472,1,3,564,70.8795377252892,100.0,0,42.02241277182343,51.87125315525951,Yes,5.3,3.0,Placed,13.07
73,22,Male,6.3,ECE,Tier 1,0,5,1,55.29445371648431,70.29503609379256,61.57569925502965,79.69705679292778,1,5,505,69.96082779805494,89.1735117044125,0,54.17067143934353,57.640700887481145,No,8.7,2.8,Not Placed,0.0
74,18,Male,7.71,Civil,Tier 1,0,1,3,81.95860397336445,67.37093600596056,75.57775345741382,35.350483429929895,0,4,206,66.07857775592323,83.94235941919203,1,64.52490504208141,97.48265143169732,Yes,6.8,4.2,Not Placed,0.0
75,20,Male,8.64,Mechanical,Tier 3,1,4,4,70.57277343884425,51.76104546538431,74.36961654051501,64.5641013316882,0,2,443,51.20020065122782,79.80459078860973,1,32.00403459993573,33.18824677470798,Yes,5.5,3.2,Not Placed,0.0
76,19,Male,9.04,Mechanical,Tier 3,1,3,0,58.61814974661985,61.41244408626226,63.92955809854196,79.09925367787754,0,3,506,59.86495403202339,72.48584940756956,0,67.9540391425837,46.94486562213254,Yes,3.4,2.0,Placed,6.32
77,23,Female,7.34,ECE,Tier 1,3,3,2,87.88711709183018,82.0328345878979,54.500854684583885,62.07930491125357,0,6,259,75.94377509057728,86.8503669581243,1,54.516910372906906,42.6556878326321,No,6.9,5.4,Placed,10.25
78,24,Male,7.25,EEE,Tier 1,1,3,1,51.79329178694439,87.01406467302132,72.649773066091,71.82348566798315,0,2,976,76.09193690805597,89.70442674236499,0,69.79332479233082,93.51049325837238,Yes,6.3,3.3,Placed,10.45
79,22,Male,7.78,ECE,Tier 2,0,3,4,61.11347038336234,53.32307775584661,47.49422431780468,93.46682146546586,0,2,488,76.90234958384801,82.97640446042686,0,89.98165334953204,54.18693175886087,Yes,6.4,4.5,Placed,7.85
80,21,Male,6.65,CSE,Tier 3,1,2,4,55.436836967586295,80.73164869948106,79.92048133461077,66.92286039307284,2,3,472,59.62348082134476,79.34074356188933,0,72.38179558764931,49.94912185958472,Yes,8.2,2.1,Not Placed,0.0
81,18,Female,7.22,ECE,Tier 3,0,4,0,58.10615027959267,77.52570217523642,60.17203194616296,70.12936293990242,1,3,52,69.7719079119643,76.4121360488393,0,98.98767152478176,22.65122598298652,No,8.1,5.1,Not Placed,0.0
82,24,Female,7.29,ECE,Tier 1,2,2,5,90.257988862411,62.84035320363846,81.74507346320515,66.19347779729476,0,2,412,72.23342728693252,100.0,0,75.20589159995156,44.938939240462815,No,4.0,5.2,Placed,12.97
83,23,Female,8.26,Civil,Tier 1,0,6,2,72.72220609730189,82.4772477326949,77.37243338097028,69.76304312186204,1,3,824,49.9453909068201,87.20022182611153,0,33.48896744245932,63.91977992699202,No,6.4,3.8,Placed,12.6
84,24,Female,7.81,ECE,Tier 1,2,2,1,91.75627909238352,71.42809392759676,68.14998532997015,60.95581749224905,0,4,790,44.6776858956666,92.24310326507772,2,27.24790306438682,46.36967767010242,No,5.5,2.1,Not Placed,0.0
85,22,Male,6.49,CSE,Tier 1,1,2,1,74.38306913773887,52.53616469903092,34.03171335393217,80.48854118944584,0,2,685,68.95757595356703,84.73693346242507,1,53.43044597479109,65.12475918676894,No,5.2,3.3,Not Placed,0.0
86,20,Female,6.0,CSE,Tier 1,0,4,3,51.76300464037235,70.60652622365286,62.21392599493159,62.10152260809421,0,6,183,76.58230562357932,100.0,0,45.12372770951902,70.14414212265595,No,6.0,6.0,Not Placed,0.0
87,21,Female,7.24,CSE,Tier 2,1,3,1,85.17340892357818,72.86562998119786,92.24491236286936,57.9025104348892,3,5,332,76.43288839443743,92.04297698409464,0,65.99139658475356,65.64094640331342,No,8.7,4.1,Placed,10.87
88,18,Male,7.07,CSE,Tier 3,0,0,0,53.42635276634603,44.83220131764867,67.14398673628789,53.33773127892338,2,3,774,66.8586966520385,76.833925837603,2,74.67863815199063,79.38103067589518,Yes,5.7,5.2,Not Placed,0.0
89,24,Female,6.86,ECE,Tier 3,2,2,1,66.24297103544185,46.94394775430611,79.91963943647897,57.316757668556015,0,3,415,81.45463063058571,71.87596536563713,1,88.07130909346286,72.16306675349111,No,6.0,4.7,Not Placed,0.0
90,23,Male,7.32,Mechanical,Tier 1,2,4,3,68.7218975451639,68.8927049540155,60.120657486821,60.179373374400285,0,3,404,41.87189673999798,82.15871563002894,1,67.91997405738421,68.4065158851392,Yes,6.6,5.0,Not Placed,0.0
91,21,Male,8.55,CSE,Tier 2,0,2,2,61.81585657745268,42.46213722349683,66.22838989262851,78.64407327017798,1,3,721,58.30465631508432,76.37304394295967,5,54.903199872526194,72.88300631382837,Yes,7.2,1.5,Not Placed,0.0
92,19,Female,6.86,ECE,Tier 1,1,2,2,61.69263401471676,74.2378297267897,67.99260761806214,68.95009410731973,0,3,481,80.48885858222337,74.76030175522169,0,68.21369962483482,74.11620483818484,No,6.0,2.4,Placed,10.93
93,22,Female,7.9,EEE,Tier 1,1,5,1,61.53498547335679,70.9615282984208,68.57220695590526,84.14690616685827,0,3,965,55.76501554227865,90.27424141096954,0,28.81370321595632,27.65806272010565,Yes,5.4,4.2,Placed,9.59
94,18,Female,6.54,EEE,Tier 1,5,4,1,77.5192565117849,57.46258936771109,68.17572211361605,64.78452795944968,1,5,69,51.32168816851961,100.0,2,88.0037018427879,68.89100652366929,Yes,5.6,4.0,Not Placed,0.0
95,18,Female,8.23,IT,Tier 3,0,3,2,80.82121280959782,54.82280329727053,69.4212214718304,84.64721172590546,3,2,426,68.83716342363084,85.99904460906312,0,3.098290473707273,38.53307568694834,Yes,10.0,5.1,Placed,5.2
96,21,Male,7.55,Civil,Tier 3,0,4,2,83.88233140506068,42.81393782538055,59.09962288329031,65.34680587244311,0,4,396,72.99924326683711,83.97148538486438,0,37.30606194280028,48.62743543946657,Yes,7.3,0.5,Not Placed,0.0
97,21,Female,8.36,Mechanical,Tier 1,1,0,2,67.50694462398232,71.06698505533062,91.25265446627718,54.30045217782445,1,6,546,68.76039354221565,95.74259610646692,0,64.2930696111724,71.57847179349855,No,6.7,3.9,Placed,11.1
98,22,Female,8.08,IT,Tier 2,3,9,3,61.92702646961736,68.11792830187156,60.89339095311,75.27506639382322,1,1,663,47.14884719743869,84.35021499740397,0,52.82111723909273,64.78202633630062,Yes,6.4,1.4,Placed,11.99
99,24,Female,6.37,Mechanical,Tier 1,0,7,4,56.91313457424427,64.72683884122317,75.89058861289321,77.37576908009012,2,3,944,54.13157014684512,86.1573117833155,0,44.20539260308102,48.35693621163741,Yes,10.0,2.3,Placed,9.04
100,21,Female,9.03,Mechanical,Tier 1,0,3,1,85.83660035279979,65.26215212998012,81.5086247280885,95.4717900360224,4,5,210,72.99166074831206,81.29435424942446,0,87.61813954376476,40.934302997765926,No,4.6,3.9,Placed,13.15
101,24,Male,6.25,Mechanical,Tier 3,1,3,4,76.6549848365435,51.56075012368831,67.92167610769916,77.5171661656053,3,8,330,76.34002235657428,91.4244352289097,0,58.38858194006169,83.03092693039522,Yes,6.7,4.9,Placed,5.41
102,24,Male,4.51,ECE,Tier 2,1,2,3,61.45576181798182,75.0443629700982,82.48837080372576,54.683771962697385,0,4,547,62.14376562500547,91.52893248991651,0,0.0,79.08266690212717,No,7.4,5.4,Not Placed,0.0
103,18,Female,7.95,Mechanical,Tier 3,1,6,5,38.256714890698646,62.603395961198665,65.4251765134924,77.05923378002896,0,8,876,59.64613490823831,73.65804630627396,1,46.78850972017936,52.452480528505845,Yes,7.4,4.9,Not Placed,0.0
104,24,Female,6.79,CSE,Tier 2,1,3,3,60.904423095663454,26.11359204539926,72.62984750414101,73.22918376821673,1,1,979,68.30253411204187,68.17517401971669,1,49.62075797705218,0.0,Yes,5.4,4.0,Not Placed,0.0
105,19,Female,9.16,EEE,Tier 1,4,4,4,58.97436215190359,88.50014961213172,64.08156843564812,69.69104282344935,4,3,463,73.05612710066228,79.45080729513401,1,59.92882675187495,34.34857313274708,No,5.4,4.0,Placed,12.43
106,23,Female,7.67,IT,Tier 2,4,5,4,77.81676120470927,50.53016224957549,59.43708550865109,67.53434538933179,0,7,52,95.85756772744122,78.77970690034513,3,74.0994975090664,37.97549622112666,Yes,5.6,2.3,Not Placed,0.0
107,21,Male,8.08,IT,Tier 2,2,2,4,88.92341072716842,49.1285609276144,62.31040708136392,30.136277610603585,2,4,699,78.69344589711348,78.42224743943211,5,44.8545932342383,3.3032109165845185,No,6.4,2.5,Not Placed,0.0
108,21,Female,6.75,Civil,Tier 2,1,6,1,44.39026833190282,58.3130678982792,79.40074430251869,66.93661906239802,0,4,498,62.44235029930493,93.29987112955008,0,71.39576058929063,5.309268097112337,No,8.8,4.9,Not Placed,0.0
109,22,Female,7.58,ECE,Tier 3,3,5,3,82.86596740702963,64.3811194536405,70.01933410610857,73.29501545773236,0,3,509,89.07514987053816,60.88089656576166,1,66.56719972336734,77.47497941101378,Yes,7.5,2.0,Not Placed,0.0
110,20,Male,6.3,EEE,Tier 3,2,5,3,58.54669540032943,60.59079205296743,77.33451839509596,71.98079304278956,0,4,237,60.44478419487912,92.63051648337644,1,35.18838923621988,47.39998674116647,Yes,7.4,0.5,Not Placed,0.0
111,24,Female,6.41,EEE,Tier 2,3,7,3,65.9181028011006,76.62618866796478,59.77907779303607,50.57751431362101,1,3,566,70.60327022502516,85.85046749090486,2,57.13562079233711,63.3554169444655,Yes,8.2,3.8,Not Placed,0.0
112,21,Female,7.89,Mechanical,Tier 1,0,4,0,67.62279197943549,79.13355389183639,76.51763822037731,69.9763859685053,1,7,550,78.0132943341769,81.96335432714591,1,46.13001479252591,86.00087109643506,Yes,6.8,3.0,Not Placed,0.0
113,20,Male,7.25,Mechanical,Tier 1,2,3,2,33.44074222278752,71.64633828722569,60.213481013946605,41.69636501708652,1,4,399,95.0125120031934,71.88476769096239,0,62.31693788275989,79.68004286995429,Yes,6.9,3.2,Placed,11.14
114,24,Female,6.92,Civil,Tier 1,2,5,7,58.73164482514181,58.76140929098664,93.53185796614416,67.8478908243008,0,5,955,53.42249774878523,100.0,1,28.85674981085421,57.2735346553356,No,5.6,4.4,Placed,10.15
115,18,Female,7.15,ECE,Tier 2,2,1,2,40.31326886081259,71.42029705120208,72.20058516535791,42.77266779006554,2,5,606,47.1858124115321,84.53225645540324,0,69.2535568626339,45.56096060359849,No,6.7,1.7,Not Placed,0.0
116,20,Female,7.44,ECE,Tier 3,1,4,2,72.3920219739774,71.56440222371009,71.63472721135487,61.01224396896668,0,0,870,74.56561768360986,72.4944605770397,0,78.5748120428022,65.81328972312407,Yes,10.0,2.8,Placed,6.89
117,23,Male,7.76,CSE,Tier 2,1,6,3,100.0,59.40108242408479,61.2802656647127,68.55900309476927,0,8,73,91.69161426329056,85.56319097234604,0,35.56790304157546,70.35638223447367,Yes,5.1,4.3,Placed,12.44
118,18,Female,8.17,ECE,Tier 2,2,5,6,47.251941175493855,69.52097667521627,73.45106269541216,54.87299836385321,0,6,433,80.55191723625988,79.92336031801018,0,26.80456448381148,68.84592255500438,No,4.7,4.5,Placed,8.99
119,18,Female,7.05,Mechanical,Tier 3,2,4,3,61.49759935338445,71.19060312286467,65.5072027540213,57.30230172243061,0,4,906,65.26431749237497,81.0189421101781,2,91.1553026912808,59.7808657231608,No,8.0,5.0,Not Placed,0.0
120,23,Male,5.89,CSE,Tier 3,0,3,3,60.7258554238079,55.47929188563565,45.45552132392158,55.26977259545952,1,4,131,78.61492708220204,90.3216962601341,0,72.42868748663055,36.58991213740235,Yes,8.7,3.8,Not Placed,0.0
121,18,Female,7.97,CSE,Tier 3,2,3,0,83.76249697272667,64.31373864677391,58.42981465977585,95.67265304758466,2,1,656,89.02103546880373,88.65344461891222,0,34.69412788850093,100.0,No,9.0,4.1,Placed,9.71
122,24,Female,7.32,EEE,Tier 1,2,2,4,100.0,87.65467080276647,66.50878008798868,50.89614350193162,1,4,828,77.07908204506694,81.73782301297962,1,61.31141964382267,90.67126659068025,No,7.8,3.0,Placed,9.55
123,23,Female,7.89,EEE,Tier 3,2,3,1,52.36117570875382,89.01732970149175,99.62248278119112,69.27456680713905,1,4,645,60.78559069336412,90.10741702944156,1,71.99749220834101,74.94686808629018,No,7.7,2.3,Placed,5.07
124,19,Male,7.07,Civil,Tier 2,1,2,3,82.79064790070177,61.40365892683186,60.94733501204703,79.15319363421355,1,5,515,72.9114034297389,90.4440830047576,1,86.40412242613709,87.97227820481409,No,6.5,4.1,Not Placed,0.0
125,22,Male,8.05,IT,Tier 1,3,1,3,70.24439994939596,64.12155980440025,66.93587534327294,60.78240121712698,4,5,519,86.35010241118232,94.06309780140356,1,61.8394916702326,92.05179495151556,Yes,7.0,2.1,Placed,12.47
126,24,Female,6.13,CSE,Tier 1,0,1,2,84.77230057383758,97.0862775077156,81.1374611737247,71.56414366176236,1,3,991,52.76770320608743,85.2577517576042,1,87.15686134075573,65.21886955097344,Yes,4.5,2.6,Not Placed,0.0
127,19,Male,7.02,Civil,Tier 2,2,1,3,67.65013334809072,47.62484153143398,83.50811884700295,40.527780891874606,1,4,111,68.95023491111267,79.14481851719759,0,62.63598104661337,72.67593407356632,No,4.7,3.7,Not Placed,0.0
128,20,Female,6.02,ECE,Tier 3,3,3,2,67.92576918043,67.86522932683665,52.44999172468328,50.08727286651136,1,3,97,69.71644605384382,84.94088029564396,1,35.95003619013059,54.41514822513516,No,9.6,1.3,Not Placed,0.0
129,18,Female,7.18,CSE,Tier 1,3,2,1,63.827892830177696,50.06875341110967,74.80700330395186,57.53965212826258,2,7,626,73.29191029777128,78.08232901947154,5,63.425499440282685,89.65705994120778,No,7.8,1.9,Not Placed,0.0
130,24,Male,7.62,Civil,Tier 3,1,3,0,73.74206895414086,67.09913564127861,68.33415358456193,76.57701483757894,2,8,810,44.79654092053304,81.78647316606485,0,9.494987325769287,56.88433642177652,Yes,4.8,1.8,Not Placed,0.0
131,20,Female,7.98,Civil,Tier 1,1,0,3,73.55016423243454,83.447234362058,66.6058968948816,90.6744240195742,2,2,594,68.50631743461065,72.37739852758828,0,61.98362630431851,53.35541909535903,Yes,6.8,3.1,Placed,10.34
132,20,Male,9.34,CSE,Tier 2,1,4,1,41.96120248534893,74.26253757595406,73.7598684655784,75.98832392822484,1,5,68,88.22392182399145,82.36695707436733,0,53.473538157828536,59.25369063371513,No,7.0,1.9,Placed,10.16
133,19,Male,7.27,ECE,Tier 3,2,3,1,60.036333271304656,45.27226166331407,68.29464346028423,79.52038134144574,1,0,100,90.9285564615038,87.12191310329712,4,38.644457981122784,51.0738315591364,No,6.2,6.5,Not Placed,0.0
134,23,Male,7.87,CSE,Tier 2,0,3,2,62.98939495867721,80.11700123929171,57.10400450272697,65.51486586957978,0,0,941,72.01585302290427,81.76597003318514,0,72.35214529558664,46.71505492827771,No,6.6,5.3,Placed,7.03
135,21,Female,7.36,CSE,Tier 2,1,4,6,53.86657325216632,63.57904569091067,69.12330597937807,72.62308823723072,1,2,336,68.53594348644874,85.19822302610224,1,38.894284008931486,82.1227978363834,No,6.8,3.2,Not Placed,0.0
136,23,Female,7.09,ECE,Tier 3,1,1,2,53.39406711059094,62.79644263111342,76.02608060954447,68.71418110786335,0,3,899,79.11901152240374,82.89468536500655,0,45.562183419879474,82.13783942165158,No,4.8,2.0,Placed,5.35
137,23,Male,9.15,EEE,Tier 1,3,2,5,67.45443777195892,93.21821463245098,88.62511368992627,63.06911632369079,3,4,215,72.76823015497608,95.8465444779553,1,70.76007479063979,46.56739798976394,No,6.1,5.2,Placed,12.05
138,21,Female,6.67,EEE,Tier 3,1,4,4,52.862640878145385,60.51856405800249,81.41872538457484,59.021804108933125,0,3,741,59.56197211785603,72.45574856027748,1,65.69697073862987,43.39110442689029,Yes,6.7,4.9,Not Placed,0.0
139,23,Female,8.08,Civil,Tier 3,0,4,0,73.80531789800608,48.168154950022526,72.89836068175457,39.11547822624385,0,6,127,78.7873683168131,67.99010340582943,2,47.02050204456849,100.0,Yes,9.5,3.7,Not Placed,0.0
140,24,Male,7.72,Civil,Tier 3,1,3,3,62.31827065903964,81.7860063049389,53.32465410324803,20.0,1,4,127,77.48304692323302,80.01655194860498,0,64.36639120045942,62.41416797021965,No,7.4,1.6,Not Placed,0.0
141,22,Male,7.76,CSE,Tier 2,3,3,4,91.27911901581672,61.52391174478862,70.78322796881011,65.17668638819991,2,3,63,73.92945484583103,84.19815352931612,0,9.138961828079031,57.252240141524666,Yes,8.4,3.9,Placed,12.87
142,24,Male,5.59,IT,Tier 1,3,1,6,53.83382192906761,49.69741599149225,78.76141280417458,65.14445202930396,1,5,964,60.09573299830137,94.42960985711062,1,44.86422392209871,67.09292931768019,Yes,6.7,4.9,Not Placed,0.0
143,18,Female,8.75,Civil,Tier 2,0,3,1,100.0,72.97205794362216,67.66448515489951,75.77268812766718,1,2,757,84.36685584952124,80.95310830220457,0,50.40242709035287,78.81058734081586,No,8.5,5.1,Placed,8.55
144,18,Male,7.48,ECE,Tier 3,3,4,0,62.732885865636696,75.30097693807213,51.30557210863695,83.33576022403706,0,3,706,59.93146927706248,74.62335259495636,0,44.49346646966481,49.64812548224991,No,8.1,3.4,Placed,6.68
145,20,Female,7.28,Civil,Tier 3,0,1,1,46.81386822435192,85.99691809502566,43.09366503313605,36.57783456183685,2,4,319,64.64170652735442,79.83385092251122,2,37.35353533512207,57.3124888373852,Yes,5.2,3.0,Not Placed,0.0
146,21,Male,7.86,CSE,Tier 1,2,0,3,67.88861407264693,73.37402595614435,56.24052686147024,44.79956750257435,0,9,535,67.92961646164123,81.1719283669962,0,42.351851216776105,74.32120641204773,No,6.5,3.3,Placed,11.71
147,24,Male,7.75,Mechanical,Tier 1,2,4,3,77.4360452342323,64.64554257027937,79.21005095208912,86.88841598498111,1,3,485,66.85212748175455,93.78838242993386,1,81.4325758500681,49.65604628440774,No,6.1,2.8,Placed,9.03
148,23,Female,7.01,Civil,Tier 3,2,3,3,43.01455851990589,62.608707723003285,86.42442546855578,58.69313533898335,2,6,514,57.75210485212583,89.5644752198925,0,83.93849547944632,56.67583232377282,No,7.7,3.7,Not Placed,0.0
149,22,Male,6.99,CSE,Tier 1,3,3,0,100.0,97.95429280147027,66.1629977770751,74.6300730651594,0,3,194,52.195956297486816,87.05925007008533,1,57.01756739215436,55.8313672657493,No,6.2,2.3,Placed,10.02
150,18,Female,8.7,Civil,Tier 2,0,4,1,35.98700772375077,66.75311611457214,51.26333064074713,64.4729779115175,0,5,171,63.703715933603256,73.6284588707406,0,76.07444068307137,66.49110882360065,No,6.3,2.7,Not Placed,0.0
151,20,Male,7.3,Mechanical,Tier 3,2,3,2,79.89179304774143,100.0,77.5792645805978,60.90741368062551,1,1,50,79.3903417909882,100.0,0,22.75949030003887,0.9282264535537764,No,5.6,1.5,Placed,7.25
152,21,Female,8.29,Civil,Tier 3,0,4,0,83.95711208629307,64.18668675043531,83.0271887402865,51.72053354737336,0,4,109,47.77817172616527,83.38463427225307,1,75.13229848111901,54.551734003829,No,8.6,6.5,Not Placed,0.0
153,22,Female,7.13,IT,Tier 3,5,1,2,68.45657921052388,59.499958585840005,77.15768351314678,77.44939664508493,1,3,880,64.02119403258317,81.9100399333082,0,75.66370821378736,71.73690510996681,No,8.3,4.4,Placed,6.24
154,19,Male,7.25,IT,Tier 3,2,2,0,80.89747540618522,39.290960306059056,57.13072358737992,67.63553291301702,1,4,538,55.90442433273101,71.21147702041286,0,78.07257084765203,29.217874601599515,Yes,4.5,3.9,Placed,4.67
155,19,Male,7.48,IT,Tier 3,1,3,1,63.08985002066795,61.97017758184098,67.37502069106193,66.2152844823663,2,3,425,62.99945718582608,69.66007524426762,2,70.86577624307714,65.23805313118152,No,7.8,3.9,Not Placed,0.0
156,20,Male,8.18,Mechanical,Tier 1,3,2,1,55.999011279192736,64.17473468441365,74.1248995526292,76.41726242067703,0,4,595,95.32221899825085,99.30337536507736,0,44.09314306170816,26.89545595223228,No,7.9,6.9,Placed,11.89
157,19,Female,6.46,Mechanical,Tier 1,3,3,1,62.9213455311145,61.4702835815516,59.96451177012575,60.385066622303896,0,2,697,89.4570766487302,88.8902838161528,0,39.24188995429433,70.31876700025072,Yes,8.4,5.4,Placed,13.67
158,18,Male,6.6,CSE,Tier 3,1,4,4,78.98867010542716,43.82160275778498,80.12922441025381,67.31267570981029,2,1,269,47.78846918099566,79.46609656761908,1,78.42657904861957,45.62104521100543,No,4.8,2.8,Not Placed,0.0
159,22,Male,7.04,CSE,Tier 1,2,1,1,67.56170569196512,70.85864567055464,63.497828059028144,63.02992912601192,0,2,269,57.63081860233783,84.91617417953786,1,52.76463956037328,60.19526455656474,Yes,9.2,2.2,Not Placed,0.0
160,24,Female,7.44,ECE,Tier 3,2,5,3,95.66315107608692,62.060361676293226,81.63123076232067,64.90707834315663,0,7,720,66.63456504312458,91.49594457826846,1,82.25605345198662,72.75905863140576,Yes,7.3,1.4,Placed,7.41
161,19,Female,7.88,EEE,Tier 2,0,2,1,76.93373463859719,63.31602612689623,76.35281032439931,64.79091564211973,2,3,681,87.93215187005194,97.92704415613316,0,53.40819493589085,83.76708831319297,Yes,3.4,0.9,Placed,7.39
162,18,Female,7.38,Mechanical,Tier 3,1,3,2,67.06545338931446,68.84061628483269,47.6319133821216,63.98197496349094,1,6,166,61.6538594770588,88.56002728695267,0,85.44151135624071,74.84441631594754,Yes,7.6,5.1,Placed,6.73
163,20,Female,7.76,IT,Tier 2,2,3,1,71.44906388170973,78.57682369615218,52.97322435782294,74.55204446582937,0,3,350,69.84017004847874,89.05174837810628,0,76.22093607723451,17.394492767773045,No,5.1,4.0,Placed,10.11
164,20,Male,7.06,Civil,Tier 1,1,5,1,62.16380217267043,45.41000431365298,48.86158304614093,63.94710397388271,1,3,976,68.17319554467463,97.28853160269546,0,97.63143621748992,56.99343660490859,Yes,7.8,3.8,Placed,9.1
165,18,Male,5.89,Civil,Tier 1,0,1,3,63.66023969327146,77.70034397247464,48.49181975924863,53.8381165069003,0,3,434,57.63096600391352,92.76662178230048,0,51.64269885313036,11.452744931999142,Yes,6.8,5.5,Not Placed,0.0
166,22,Male,6.75,Mechanical,Tier 1,2,6,2,59.40541024799128,70.65969927635712,79.10713393591149,64.06542733791831,0,8,754,66.31707675866842,76.73145628942856,0,79.3742482014721,27.81460548952508,No,5.4,5.8,Placed,12.04
167,19,Female,6.82,Mechanical,Tier 2,2,1,3,61.96294680787712,54.014747183666216,83.31851503012597,52.81557808351974,2,8,985,64.60768184802671,84.33659783216315,3,93.50297005104716,7.62305428030426,No,7.7,4.8,Not Placed,0.0
168,20,Female,5.25,ECE,Tier 3,3,0,1,58.807521546600086,92.65398463570423,84.03840410910061,47.60912669384734,1,2,562,67.48237280827388,76.56140557799465,0,60.81437062190756,61.11971049518607,Yes,7.3,4.7,Not Placed,0.0
169,18,Female,7.67,EEE,Tier 3,3,4,3,72.98661339176094,51.5549637383558,74.52478348890956,63.89694875748014,1,4,901,62.708203425209376,100.0,0,86.31976178205612,36.04467343676286,No,4.8,2.8,Placed,8.44
170,23,Male,8.52,ECE,Tier 2,1,1,3,65.52054085000928,76.2594356777787,73.44253660546318,77.50901837464826,2,5,334,79.25418676093572,80.17150787678193,0,51.1146398002496,31.96442327453036,Yes,4.1,4.1,Placed,9.15
171,23,Male,8.24,Mechanical,Tier 1,1,3,0,91.60792125318076,51.56266675894014,65.78575344034533,82.9402766639928,1,2,780,61.04976841845183,78.69201399931524,1,72.60028526602649,52.65860418892158,No,4.3,5.6,Not Placed,0.0
172,24,Female,7.27,Civil,Tier 3,3,3,2,68.27908921956796,72.964783093974,56.83973681868522,78.26497763603015,0,3,659,82.52316356722034,95.81522601016496,0,89.18969475912496,63.57859374824972,No,9.0,4.2,Placed,7.75
173,24,Male,7.77,EEE,Tier 2,4,4,1,90.12039528948624,63.452169443558425,68.2398244302689,62.31253211573204,1,6,676,85.80783039832113,82.83560534016411,0,74.24113212944519,45.53340910105147,Yes,7.0,4.3,Placed,13.09
174,24,Male,7.34,Civil,Tier 1,1,4,1,32.59787986535546,85.83195998165822,76.21837657311931,90.87526889212596,0,3,379,70.9484940890317,75.88115073045027,0,57.03040958054391,16.399486885442705,No,5.3,5.1,Placed,9.35
175,24,Male,9.19,Mechanical,Tier 1,1,1,3,73.57920284411084,73.09265176466513,76.65226438945628,82.60560409065542,2,8,739,71.29096275079027,99.52746710360417,1,67.28455297489973,17.44690156285899,Yes,7.9,3.9,Placed,10.28
176,23,Female,7.66,ECE,Tier 1,0,7,2,69.96304698882592,72.06856231780282,73.82101086969067,95.412652185905,0,1,956,66.8233948108027,86.90139002525413,1,53.276904362453045,37.61168670078344,Yes,8.3,4.5,Not Placed,0.0
177,23,Female,7.02,IT,Tier 1,0,4,3,55.54080884060495,63.80614522354048,55.511382580696754,49.04997483172916,0,3,358,66.5077133016872,87.98836016271015,0,54.85679894633419,67.57943107363022,No,8.3,2.5,Not Placed,0.0
178,21,Male,7.88,EEE,Tier 2,1,2,3,86.53106055153967,45.04474841753627,72.98250500369323,61.77527648208597,3,4,90,54.88872037928357,81.8967480655649,0,59.8907878088453,67.74365979782907,Yes,4.6,3.0,Placed,11.02
179,18,Female,7.37,ECE,Tier 1,1,3,0,69.56421340865982,76.81416102333749,79.72060724295255,93.71165938674773,0,7,345,80.95873743264403,100.0,0,50.07036515834595,50.75478345555737,Yes,7.6,1.8,Placed,11.25
180,18,Female,5.98,EEE,Tier 2,3,2,2,66.39528668184498,56.09124500425315,79.39354500192289,87.00291632143966,1,9,355,61.576175543473326,98.7398952870616,1,52.65158947201196,91.71633150340315,No,5.5,3.2,Not Placed,0.0
181,23,Male,7.49,Civil,Tier 3,0,3,2,78.16207896711545,63.79620854397954,49.45817963704225,76.62302160619281,0,4,568,54.87957422922712,86.24456540165565,1,66.13681900903153,43.51910402097197,Yes,7.5,2.7,Not Placed,0.0
182,23,Female,8.13,ECE,Tier 1,2,5,0,77.36527896217741,64.66807791845645,83.09023228543725,79.77807991775649,3,4,450,70.89042447616934,83.51396774446745,2,52.3565684032691,30.238446944454832,Yes,8.8,2.7,Not Placed,0.0
183,23,Male,7.57,Mechanical,Tier 1,2,3,2,69.27914890914519,65.47268281060663,73.18490246295094,69.86181366884804,2,7,206,79.06851863901142,84.15838441115089,0,29.90392537811358,65.19469610385534,Yes,6.2,7.3,Placed,12.15
184,24,Female,8.76,Mechanical,Tier 2,3,2,1,66.03918675179986,79.21966974890017,59.28482237307897,47.0442777224565,3,7,688,65.59824144725089,86.27013642134963,1,60.64395352596001,57.26129173063011,No,6.0,3.1,Placed,8.08
185,19,Female,8.06,Civil,Tier 3,1,4,0,66.68437146748053,62.67338625756775,84.70914455936416,52.46527652982434,1,3,938,57.426332451196615,81.56411087995654,0,75.37060579436648,23.689962618039484,Yes,7.0,1.9,Placed,4.65
186,22,Female,8.06,ECE,Tier 1,0,1,1,44.45045698667775,55.77281376969447,83.21893241796143,77.59068133624187,1,7,78,54.45178872886082,92.66752168242564,1,100.0,48.752830286432896,No,8.0,3.8,Not Placed,0.0
187,19,Female,8.07,Civil,Tier 2,0,2,4,100.0,31.94166130999801,44.27286645355454,81.97385901423763,0,3,747,66.63212309068236,90.77084216845424,0,45.07501091623246,40.56801496774373,No,6.7,1.2,Placed,7.51
188,19,Male,7.49,IT,Tier 3,1,4,2,62.002892693410914,58.99749931665235,73.85272701869687,76.07976230989244,2,4,649,69.01919590111727,75.21086291698494,0,30.98889647795196,71.87833045070798,Yes,7.4,3.5,Placed,6.27
189,20,Female,7.16,ECE,Tier 3,1,4,2,47.51413090619424,44.81507363863376,73.22601658566643,59.00433970202809,1,4,535,72.59736790071776,88.27688999332716,0,69.12935206124462,60.92625207888387,No,10.0,1.9,Not Placed,0.0
190,22,Male,8.87,EEE,Tier 1,0,2,1,95.07958012924055,61.71217128273173,68.25822531744852,63.615857293725945,1,1,444,60.43487826422915,100.0,1,55.66594665153404,73.75861237764317,No,8.2,6.9,Not Placed,0.0
191,24,Male,7.73,CSE,Tier 2,0,8,0,59.0397443235648,56.61686631028844,63.984909273243545,39.71621652460851,3,8,217,57.21261824245799,80.60532375936153,0,56.60420437219267,64.93462295167583,No,7.2,4.5,Not Placed,0.0
192,21,Female,7.34,CSE,Tier 1,1,5,2,65.14433007735312,51.84006890407056,75.48833798485607,57.749989452385336,0,6,280,68.81020320684053,87.89195442475544,1,69.92674142013382,50.52220621169093,No,9.7,2.8,Not Placed,0.0
193,24,Female,7.84,ECE,Tier 1,2,3,1,54.05048224902862,65.33930430334564,68.98090507432458,72.19200455930986,1,6,901,95.16487260437626,95.11122082031622,0,83.73768084228914,76.67193756755935,No,6.4,3.6,Placed,13.3
194,19,Male,7.55,Mechanical,Tier 3,1,2,3,89.87875854455243,66.41084098369075,55.50044274348974,56.90298813875748,2,6,551,72.96461691458109,74.06688991563543,0,59.18862353628359,56.9107639978216,No,7.8,2.2,Placed,5.38
195,18,Female,7.18,Mechanical,Tier 3,0,1,1,100.0,63.73088256758409,68.49247837141799,51.84425505180985,0,2,476,57.834408786778624,79.66376406064794,0,10.887319649317142,69.73772227693752,Yes,6.0,4.1,Not Placed,0.0
196,18,Female,7.32,IT,Tier 3,1,7,3,28.673663076032376,35.12205357038377,69.36200596804791,53.98459476125842,0,4,282,69.99807362377463,88.11394092589046,0,88.62273410692289,54.13774622085839,No,6.3,2.7,Not Placed,0.0
197,22,Male,7.02,Mechanical,Tier 3,0,5,3,64.25155031004377,66.65324191364822,95.54837841996977,70.11441888313257,1,3,668,65.92397171316001,76.36172370887546,0,52.27917794707701,56.905575079131054,Yes,6.6,2.2,Placed,4.64
198,22,Female,8.55,CSE,Tier 2,2,2,0,48.70418799120728,66.77532385371525,37.9284116140326,90.2727531107312,1,2,920,93.00301396750088,82.43100407021356,0,91.95235879102812,78.99077818861304,Yes,4.5,5.6,Placed,10.28
199,22,Male,6.4,ECE,Tier 1,1,3,0,53.205851724430666,38.73860263876969,97.0091639077444,62.30198981402064,0,3,91,63.91597699442074,81.54177903783675,0,36.22781981910176,36.41220424332751,No,7.6,4.6,Not Placed,0.0
200,23,Female,7.73,ECE,Tier 1,2,1,5,100.0,44.24523126141315,49.68517280231718,76.64088701518894,2,7,796,85.60573432072772,89.46285223886892,0,58.30820449994421,35.089408685044646,No,5.2,2.7,Placed,12.18
201,19,Male,8.35,CSE,Tier 2,1,3,2,27.31005807783579,64.74466840289337,74.7119516177909,68.18498817918284,0,3,861,54.080492957067015,93.0633127618756,0,82.73088734558527,67.19206051501314,Yes,4.1,3.5,Placed,7.2
202,24,Female,7.31,ECE,Tier 1,1,0,2,55.49422568457286,85.55382319155471,65.402344757129,48.709023845329256,1,3,822,82.21404948067119,73.29488447324042,1,81.32791846299556,59.122751886803066,No,7.4,3.3,Not Placed,0.0
203,19,Male,5.53,EEE,Tier 2,0,3,2,47.80404496098873,65.28899035624501,70.50790075024204,51.91135257102236,1,2,105,66.98523005289114,89.05028681974456,0,79.95097905999454,89.75610586183888,No,5.5,4.6,Not Placed,0.0
204,19,Male,6.45,EEE,Tier 2,2,2,4,59.815367739350975,59.41610961662951,66.38352569121345,59.08823502649766,3,5,508,54.12748846349143,77.2569537365254,1,68.2007444829728,46.3618273234334,No,6.2,4.0,Not Placed,0.0
205,22,Female,8.01,IT,Tier 1,2,3,0,53.73259914016354,63.72196654961169,51.18237114411822,69.41752493711705,2,2,285,89.0142222383807,75.90418718080456,1,54.89853692149322,82.7408208131596,No,7.5,3.1,Not Placed,0.0
206,18,Male,8.57,ECE,Tier 1,2,1,3,59.35766960407188,48.639737168847695,41.32258862291353,60.1129467323558,1,10,412,71.40159565632307,84.7989646779956,1,87.57310542146759,69.64856370976884,Yes,7.2,6.2,Not Placed,0.0
207,23,Female,7.7,Mechanical,Tier 3,5,2,2,79.82886262271201,67.38591768938062,93.3116011298801,60.78450017866825,1,4,337,63.08585039594494,66.89444177687801,3,51.802215040130285,66.86323599058271,Yes,6.3,1.8,Not Placed,0.0
208,18,Male,6.89,CSE,Tier 2,0,2,0,78.73603366465242,66.92114510865221,62.6088378866253,74.41513694977334,1,6,82,63.22501536754847,77.92135641746148,0,85.09420211517426,41.63149922847077,Yes,7.2,5.0,Not Placed,0.0
209,24,Female,7.5,IT,Tier 2,2,5,3,87.94567572519766,100.0,65.0481689540311,68.68083884584412,0,4,700,69.44242107775793,90.8421195490956,0,59.81821362114616,41.631327728256295,Yes,9.6,5.6,Placed,13.28
210,19,Male,8.08,ECE,Tier 1,2,0,3,39.02058494810285,83.70689328425156,72.63172385243755,87.69074754291991,2,2,868,62.08022050269878,63.255652554040935,1,89.10458051263004,42.29832130272963,No,8.8,4.3,Not Placed,0.0
211,20,Male,7.37,CSE,Tier 2,1,2,2,92.99971669455472,69.69525105001611,72.0014424186951,68.60373721930621,1,4,361,67.76131388695934,97.51600530772382,0,93.83735093283336,63.10793576977992,No,4.8,3.2,Placed,10.06
212,23,Female,8.24,CSE,Tier 3,2,1,1,57.21440200082422,75.78297020367832,70.74683453186067,67.26980879885375,0,2,810,64.67829207744012,91.59249690564052,1,45.96633211529554,56.207042464222766,No,8.1,3.9,Not Placed,0.0
213,21,Female,9.58,Mechanical,Tier 2,0,5,2,73.83283731936835,36.5306945731198,60.43121249672476,72.84724403400563,0,2,455,66.35138983420839,99.78041279321364,2,76.57390983646658,69.9776212810202,Yes,6.6,4.2,Not Placed,0.0
214,18,Male,9.18,Mechanical,Tier 1,1,6,1,75.64907844847349,66.18300696544617,85.64738269389005,62.48170646684415,1,5,484,67.63238694017451,83.4138932613921,0,89.59074222974519,99.59343402213052,No,3.9,2.0,Placed,15.29
215,22,Female,6.97,EEE,Tier 2,3,1,2,65.72215413401167,38.92802435212163,73.71313631807487,81.11978213454336,1,1,902,65.71384939740392,80.62079088142593,1,32.141292625023326,7.569589713992698,No,5.6,6.0,Not Placed,0.0
216,19,Female,7.23,EEE,Tier 3,1,7,2,72.58025534905865,77.35144447718947,46.092808653966,33.65907103891774,3,1,172,71.66559035871325,89.09442731476739,0,80.61312618172614,61.93676314133569,No,9.7,3.9,Placed,7.05
217,24,Male,8.25,ECE,Tier 3,2,4,3,61.32529240045734,31.63713821305077,89.9486305540463,69.76601737454742,2,2,291,77.0308014833434,84.19923745242814,1,51.53119136308349,46.53044497050598,Yes,6.3,2.7,Not Placed,0.0
218,22,Female,6.73,ECE,Tier 2,2,2,2,87.9818292189693,73.59063703099176,94.6027384791084,62.90073537964166,1,0,833,72.04320931751793,86.00118403724099,0,16.86644471811313,23.82507078053488,Yes,8.3,0.6,Placed,8.51
219,23,Male,7.73,Mechanical,Tier 2,2,1,3,29.057816308867835,66.23513320935932,54.598427780604446,35.928327726246266,1,6,709,61.19185083677382,56.302746747574005,0,59.702811113699006,23.7391866717632,Yes,6.7,4.6,Not Placed,0.0
220,19,Female,6.58,CSE,Tier 2,2,1,0,60.07726689299855,64.69680201511811,63.106848025357856,78.50789616046796,1,1,682,93.40837112603984,83.55501636192426,0,53.33695902332895,45.49136320981553,Yes,8.0,4.9,Placed,7.2
221,18,Female,8.23,ECE,Tier 3,1,5,0,79.74488014654874,65.68700684531652,53.2385844270706,95.61693749529746,1,7,847,73.98412956476088,83.41774076110686,0,61.01532561843015,49.11130488017063,No,5.9,4.2,Placed,10.33
222,21,Male,8.32,Mechanical,Tier 3,2,4,5,58.035666633066405,42.02465783097411,61.14929261267049,56.1223058496656,1,3,494,63.23607398737692,86.96377485881358,0,19.617145572400982,78.07048660063042,No,6.6,4.1,Not Placed,0.0
223,20,Male,8.11,CSE,Tier 1,0,3,2,67.40886647564007,78.7262175634439,79.95567184600783,42.50877024605713,0,7,384,64.45850686191851,87.55521496035684,1,73.30214860314943,75.6662975031727,No,3.6,2.6,Not Placed,0.0
224,22,Male,8.4,Mechanical,Tier 3,2,3,1,73.00620416912643,86.46695495346752,69.4107138306412,57.58172411581065,1,5,699,70.26149504046526,87.03425700949124,1,60.68402011467029,86.13798175664022,Yes,6.6,4.9,Not Placed,0.0
225,24,Female,6.41,ECE,Tier 2,1,1,1,74.14254285242066,63.47121756306488,62.51195029636683,68.77182167494153,1,4,72,72.14918407489813,86.59529068690837,0,47.54354760222601,62.51029510182916,Yes,5.9,3.3,Not Placed,0.0
226,19,Male,9.31,CSE,Tier 3,0,8,3,89.05993729887477,37.36759858372272,59.26714141931299,75.8167536284592,3,3,447,70.97724612220854,71.12468192548242,1,81.43913678264565,50.62056821557981,No,5.1,3.7,Placed,6.09
227,24,Female,7.28,CSE,Tier 2,1,1,2,58.777412643124734,81.98824922597375,70.72615191370721,80.0623793221318,0,0,244,81.88300793962723,90.17582584867247,0,54.00840207015504,56.76218001822409,No,8.4,4.3,Placed,7.06
228,24,Male,7.37,Civil,Tier 3,3,4,3,72.96388875887978,75.1908271862243,83.06322183381397,39.6860712414678,0,5,510,60.97724457404284,67.51606224659847,2,53.28163303123567,56.36092992859496,No,4.8,1.5,Not Placed,0.0
229,20,Female,7.88,Mechanical,Tier 3,0,3,2,69.57916154949136,60.10308441592653,52.52725910491999,87.75044572977802,1,3,997,52.95611007078419,86.5177252248707,0,66.71776659393349,4.404053925605503,No,7.2,3.1,Not Placed,0.0
230,20,Female,6.52,EEE,Tier 2,4,1,2,77.3141529830335,64.49034337585081,80.75400870188214,63.64276017135892,0,7,815,80.19545692726253,88.47573883078768,0,69.26817360843033,94.63290469756892,No,8.7,3.3,Placed,11.04
231,20,Male,7.86,ECE,Tier 1,0,1,4,86.20020159815553,72.52666077013512,63.51617830523732,85.17274394082385,4,4,395,71.34475240201114,90.73736907733462,0,42.29698305089124,64.45589904525805,Yes,5.6,4.0,Placed,11.02
232,18,Female,8.37,CSE,Tier 2,3,5,3,76.9083260874257,50.87127562177948,84.8181059604228,40.47645126575612,1,2,437,43.40921230419444,84.07302062290286,0,80.13866395439182,40.59510079394813,No,8.0,6.3,Placed,11.5
233,21,Male,6.72,CSE,Tier 3,0,6,2,62.39332214121689,26.097450978914168,82.23529215821523,72.41474106175986,1,4,937,56.91607131157037,78.022424815546,1,40.60504752275777,66.72858913990088,No,5.3,3.1,Not Placed,0.0
234,24,Female,7.99,Mechanical,Tier 3,1,4,2,63.67131213222615,49.27633258514861,76.04729258023214,58.43451298629006,0,2,348,71.0876752297497,78.37071399652564,0,67.1044357400099,92.20049224699868,No,6.2,4.9,Placed,5.09
235,20,Male,7.35,Civil,Tier 3,0,2,2,61.632839800100285,98.90908089076996,93.21083973578683,65.65626603068674,1,3,950,82.08002458505555,65.93580412455155,0,47.78317865140546,15.511208833468828,No,8.1,5.5,Placed,6.75
236,19,Female,6.14,ECE,Tier 3,2,3,3,85.91734461352618,80.80601403301536,74.15111150649425,69.92433671474683,0,4,192,47.80704321315418,70.49684024954551,0,15.457984533669034,22.08117695125678,No,5.4,4.1,Placed,5.66
237,18,Female,5.3,IT,Tier 3,1,0,3,94.54514646057731,61.236239660714254,58.07861662641526,50.86860232082248,0,7,422,52.62261453574102,89.80690244049461,0,57.52082336754882,76.38469008754645,Yes,7.6,3.9,Not Placed,0.0
238,20,Male,6.54,ECE,Tier 3,0,6,3,67.42888133335346,94.66272981602584,86.94920926471033,42.53936986822323,0,4,398,63.85168872654764,89.1474351104981,0,100.0,57.83614061014169,No,8.6,2.8,Placed,5.33
239,19,Male,7.45,CSE,Tier 2,1,1,1,83.03882413244688,53.32701654046468,71.2962874976924,52.999691469462206,0,6,966,97.59643849933622,84.85925663618387,0,70.19290375231363,35.000565946220235,No,7.4,4.7,Placed,6.75
240,18,Female,6.63,ECE,Tier 2,1,3,2,71.4972142990537,77.2401470934824,61.6819269708923,46.33806371978245,1,7,947,78.54259177247843,88.531119757801,1,66.22919438718694,63.00657381033235,No,5.2,4.2,Not Placed,0.0
241,20,Male,4.58,CSE,Tier 2,2,4,3,51.52938384958246,66.96092275237656,63.16647846642416,81.98794261331268,1,10,349,68.32855329167803,74.14929459097436,0,82.13377980812798,74.094648058859,No,8.2,6.0,Not Placed,0.0
242,21,Male,8.41,Civil,Tier 3,2,3,1,80.77935006409756,71.84174966748773,77.90002221210526,60.31421748358032,1,2,891,61.60588158642151,68.61749058186447,1,48.31401540063607,44.94082641456351,No,5.7,1.5,Not Placed,0.0
243,20,Male,9.05,ECE,Tier 2,0,2,0,72.986438509287,53.094601742817375,73.9111598504752,52.25518968216039,2,5,661,63.26833609700002,76.13729725030018,0,30.924257044172,38.37340616443206,Yes,7.7,4.4,Placed,7.11
244,21,Male,7.86,IT,Tier 2,1,3,1,61.64215621067183,57.569593900945335,97.7722246855347,67.76591958921294,0,4,398,74.87656644218164,94.48840537735263,0,78.10302399496673,33.672804399376595,Yes,7.4,6.3,Placed,9.19
245,20,Female,7.68,IT,Tier 3,2,5,1,38.88427688629433,66.853267787983,73.8145897153576,72.73516136070472,2,3,975,64.35412449301164,74.294919879648,0,64.43515719546342,62.5525950142417,Yes,6.3,2.2,Placed,5.41
246,22,Male,8.29,CSE,Tier 2,1,5,0,63.80186559428816,73.82454485802324,52.46543241382933,44.56835681514323,1,4,731,71.26530217344802,83.11315318278388,0,42.32367397564296,90.9625942999544,No,6.9,1.4,Placed,7.97
247,23,Male,7.6,CSE,Tier 2,2,3,2,45.95352148621485,39.49139564808563,68.21833779282242,66.84446713405893,1,5,917,71.10412854477582,76.12301314477784,0,56.4248389758453,65.82581878755218,No,6.3,0.9,Placed,7.15
248,18,Male,6.95,EEE,Tier 2,1,5,4,83.53814531482332,70.67667624799824,37.62299609905651,57.19341947119467,0,6,513,75.73905700112887,84.08889253024122,0,58.11454159649853,36.19584203764043,Yes,8.7,3.7,Placed,8.5
249,23,Male,7.61,IT,Tier 2,2,3,2,96.6520433866601,66.75690988577627,67.0236835311151,53.95772289669763,0,6,829,82.02500378420487,72.0271993990367,0,89.57955629728392,34.474767370634225,Yes,6.9,5.7,Placed,13.51
250,20,Male,6.83,Civil,Tier 3,1,2,0,61.62338819243882,86.82029866316765,68.10560031459575,61.96068319007309,1,3,231,73.1617045953815,87.77432739113011,0,76.73971258821351,53.32251733873885,Yes,7.5,3.6,Placed,4.64
251,18,Female,9.01,EEE,Tier 1,3,3,0,43.97592619940856,79.16187238702125,70.97545074084648,62.6528385426835,1,5,166,88.48935207487055,83.94169633380167,0,90.2834555453795,42.94241908354245,No,8.0,4.5,Placed,12.54
252,19,Male,8.59,IT,Tier 1,0,3,5,95.99787656774976,56.78629223041708,58.66626363055068,82.68257552789407,2,5,162,84.52004502038196,80.43489077087911,1,57.35097284549354,75.8805381752515,Yes,7.0,4.8,Placed,11.42
253,20,Male,6.67,Civil,Tier 2,3,2,5,93.43244137739914,52.160959543113634,63.29331800619446,36.0807433532947,0,2,614,73.34545963467971,82.14911002845501,0,69.61259480659436,23.42461190640786,No,6.3,2.4,Placed,11.35
254,23,Female,9.47,EEE,Tier 2,1,2,5,64.47745769405539,64.42521451065804,78.63007407195313,63.87892813499705,1,6,612,75.21495948958163,87.3511093916653,1,62.27985527244908,51.47554323534166,Yes,8.0,4.8,Placed,8.26
255,18,Female,9.77,EEE,Tier 2,0,4,0,89.11370704420588,73.30846872322233,87.80291644697104,88.72434684717557,2,7,116,60.20660023492528,82.26403565882839,0,100.0,70.82427684044018,Yes,7.0,2.5,Placed,10.69
256,21,Female,6.54,CSE,Tier 1,0,4,3,57.51501436752788,55.46400698650928,63.02137035784924,71.44811047289758,1,2,285,86.6337903336574,70.12007030611221,0,56.564467845272624,45.39160431906177,Yes,4.7,2.8,Placed,8.64
257,18,Male,6.53,Civil,Tier 1,1,2,3,58.37341335789638,61.87487128255517,42.21488526933868,65.5437184843989,2,3,836,67.33215018485612,100.0,2,56.14416949279181,44.097800001814846,No,6.4,5.1,Not Placed,0.0
258,19,Female,5.62,ECE,Tier 2,5,1,2,79.89898431861046,71.7876884651366,90.70510027809613,89.54915239710058,0,5,991,61.51870002563639,71.26192858295128,1,75.09996703152862,39.31481594227122,No,7.3,2.6,Not Placed,0.0
259,24,Female,6.59,CSE,Tier 1,1,2,2,69.30938968157078,81.81854947958368,78.34242743862157,59.98461900066605,1,10,121,64.05863634959651,77.91870154985952,1,51.59008837430779,57.27940552925904,Yes,3.6,4.6,Not Placed,0.0
260,20,Male,8.12,Mechanical,Tier 3,3,4,5,86.6104347471976,54.123252362180565,64.72485507662729,53.222935444731135,0,3,483,61.44076910992411,89.85555603611056,2,17.521791287825614,54.89497859847326,Yes,6.9,5.5,Not Placed,0.0
261,24,Male,8.19,IT,Tier 1,1,4,0,79.83916504185447,55.22686248738572,78.62475104201327,80.733031922765,0,2,479,69.56654474686438,82.7906382684962,0,36.20453742950254,54.25206660605489,Yes,9.8,5.2,Placed,10.27
262,23,Female,8.13,ECE,Tier 3,2,3,3,70.00753100823589,74.88108604712087,93.66237455903362,61.21305268364785,2,9,734,85.96387535070728,92.42688224118876,0,76.02142916390473,53.10130206170896,No,8.1,6.1,Placed,10.16
263,22,Male,7.87,Civil,Tier 1,0,4,2,61.18686912430813,73.39497832349605,65.04689064072316,87.6903296093287,0,7,546,84.2518291058575,77.2379770496424,0,61.68577307523661,42.56462405347126,No,8.9,5.4,Not Placed,0.0
264,22,Male,7.46,Mechanical,Tier 3,1,1,2,94.10479424751878,78.68878421408834,73.41139834596935,70.51815881377418,2,3,67,64.29089091171844,85.73383580623756,0,8.649288315262602,34.82371263069105,Yes,7.6,6.0,Placed,4.69
265,21,Male,6.34,Civil,Tier 2,1,1,2,91.78606193929454,51.90119973534122,92.4739009569987,51.834050548691536,1,2,109,73.8409058151591,92.76334337644111,1,72.4090677947564,34.89785213452474,Yes,7.1,3.7,Not Placed,0.0
266,20,Male,7.81,EEE,Tier 2,1,3,0,76.03284324132369,91.22726907260738,69.770333194928,80.79554664938426,1,6,936,68.88116406086692,90.7313315390328,0,84.44645036854332,28.516751116734284,Yes,10.0,1.1,Placed,8.1
267,18,Female,7.05,Mechanical,Tier 3,2,3,1,67.08493604201786,58.29868628865749,70.67739352132214,88.67271935314668,1,7,270,61.91529337107514,79.82842319104472,0,65.77827266593684,64.77065126914283,No,6.0,1.4,Placed,8.12
268,19,Male,7.91,CSE,Tier 3,2,5,2,27.27026124265251,67.68013527860096,47.986559614575775,50.858290939603286,1,4,288,68.56013726121824,100.0,2,47.9466787551209,42.832341411027926,No,8.9,4.0,Not Placed,0.0
269,19,Male,6.05,IT,Tier 2,1,1,4,71.06142783775965,62.12245462213936,73.61233866786193,59.71322501061581,1,2,646,48.21912503659272,72.70999344617981,0,44.87245598897052,34.924212751471,No,7.7,4.2,Not Placed,0.0
270,24,Male,7.78,IT,Tier 3,1,3,2,95.65745495840852,64.56479750239012,77.19017049641259,38.38619989329843,0,4,790,71.53560677929966,89.20514981300636,1,100.0,65.87192938433402,No,5.7,3.4,Not Placed,0.0
271,23,Male,7.38,Mechanical,Tier 2,0,1,4,55.06419761724496,76.69236490448071,64.08767202671018,76.16863372784744,2,3,865,92.03051893304396,82.86037851747147,0,88.9608448722155,32.07497600105496,Yes,6.9,4.0,Placed,9.28
272,20,Male,6.65,IT,Tier 2,2,2,1,99.46591254647566,73.68029042632081,38.33092391540141,48.77129814347087,0,4,327,75.01719870677042,92.1223734541086,0,77.11918975012566,44.98615189706337,Yes,6.9,3.5,Placed,7.05
273,18,Male,6.68,Mechanical,Tier 3,4,3,2,54.57820654660855,53.07913418936184,51.04894624128058,81.64506860399926,3,6,116,89.22215255319352,79.74121463643182,1,63.02376374959888,51.59653202289848,No,9.3,1.6,Placed,5.23
274,22,Female,7.59,IT,Tier 2,1,3,4,41.145047516863656,72.49711304618751,68.39654523798494,100.0,1,1,802,74.44839737760091,88.97205715737513,0,67.93510155899223,39.68115160029468,No,8.4,3.5,Placed,8.05
275,21,Male,8.87,ECE,Tier 2,1,5,0,79.89649537577702,77.63458591701666,82.08110741146194,49.66764212901326,2,1,850,68.14464591029962,86.6291390750672,0,100.0,52.71263585128055,No,7.1,0.5,Placed,9.6
276,23,Female,8.53,ECE,Tier 2,2,1,1,71.66590655474705,51.630665059924304,62.057945962410855,57.47546714757932,0,4,493,82.18332955453812,86.63999202691562,0,49.960641248944434,41.91887479907943,Yes,6.0,3.7,Placed,9.22
277,24,Male,8.02,EEE,Tier 2,2,3,1,36.408742282557874,86.83097162239872,66.38550120160426,61.74714851409957,1,3,610,41.94894992756775,80.82511428247253,1,52.48992361707316,53.90214429883192,Yes,7.6,2.1,Not Placed,0.0
278,23,Male,6.4,Mechanical,Tier 3,3,2,0,51.24912285370745,51.68436423175659,43.78229118537009,75.72161422305443,1,2,351,68.83672334880428,90.93415100928613,1,100.0,37.51163110315517,No,6.2,2.7,Not Placed,0.0
279,21,Male,8.65,IT,Tier 2,3,3,1,76.25486685733736,60.7007308682994,51.41314918125213,44.37850761110524,1,3,738,88.51325817578622,72.35105397333567,0,40.98427838707743,59.99975902774585,Yes,7.1,3.2,Placed,11.74
280,22,Male,6.27,Civil,Tier 2,1,4,2,62.1042055206996,65.78896126241415,48.49768571722424,55.12303539368946,1,3,59,48.35132424189408,82.1372453876876,0,66.3835542388759,90.89626573875589,Yes,6.4,5.7,Not Placed,0.0
281,19,Female,9.38,Civil,Tier 2,2,2,1,71.17535795956314,78.68996768606215,84.49581983688421,55.298447269343775,1,2,179,79.94922229659527,77.67467705557611,1,58.58928428457324,46.61897589154211,Yes,5.5,5.2,Placed,7.8
282,21,Female,7.43,Civil,Tier 2,3,2,1,67.33189577555157,65.59501421156239,88.46023407189209,41.04532156080077,0,2,986,88.53812381363932,92.02300028891165,1,81.78541307424652,95.64441839096908,Yes,5.2,4.6,Placed,7.79
283,24,Female,7.26,CSE,Tier 2,0,4,2,65.94659151283737,86.68683190490171,67.43688959201762,66.21245552534234,2,2,740,77.05539142326195,86.35249725609638,0,51.784699107073926,55.083406552139,No,8.1,0.9,Placed,9.58
284,20,Male,7.91,ECE,Tier 3,2,0,1,78.54473874516475,53.20505925948993,71.85959976996035,40.78422983961197,1,6,927,59.98495811345475,92.2625921176776,1,67.39073841722882,75.59240072799155,Yes,9.8,0.5,Not Placed,0.0
285,24,Male,7.09,EEE,Tier 2,2,7,1,60.90300338241282,61.42030852602411,52.93777564113918,64.03939621934988,1,4,752,54.003062499292575,87.82453540682978,1,68.94011132511253,55.95270645348561,Yes,5.7,2.4,Placed,6.99
286,24,Female,7.66,Mechanical,Tier 2,3,2,1,75.86668333614885,68.57850910313753,70.66039448458017,31.700516576429543,2,4,420,61.3946483175962,86.17125743880088,1,65.92870759629744,79.26462069828523,Yes,7.7,4.6,Not Placed,0.0
287,23,Female,6.17,Mechanical,Tier 3,0,2,3,72.18306850693294,44.57509229393037,47.60662437473735,63.52355594671959,1,7,933,52.29117391766337,79.71893602910528,2,61.01052708233874,78.01963712118415,No,9.7,2.2,Not Placed,0.0
288,24,Female,6.63,CSE,Tier 1,1,2,2,55.57608524115442,63.58833210225053,52.59211228170014,70.41715975123613,2,1,67,69.00645990279477,81.08786485259613,0,73.00674314200185,50.46731949938146,Yes,5.8,2.3,Placed,9.48
289,22,Male,7.92,Mechanical,Tier 1,0,4,3,68.75890155017065,81.45722030511632,78.40261103816928,65.52898878447637,1,1,830,76.13868930416493,88.89925744142137,2,53.5260939097252,59.5954949008743,No,7.0,3.1,Not Placed,0.0
290,21,Male,8.83,EEE,Tier 3,2,4,1,79.68488283057499,84.7338579066276,96.34390780400976,78.97080267356776,0,3,517,61.84803831583451,95.23221105405808,3,76.21741727901849,43.68487398128485,No,6.8,3.3,Not Placed,0.0
291,20,Male,7.9,ECE,Tier 2,1,2,1,52.32552820013075,31.77696789600032,49.34468729326824,82.6250591075715,0,5,974,65.14650348295328,81.39514288165608,0,50.05363488604876,63.14569207078155,No,7.2,3.1,Not Placed,0.0
292,24,Male,5.36,CSE,Tier 3,1,0,2,61.93765859501237,51.66392186005657,66.62892417607382,100.0,0,3,672,100.0,82.71073678643182,0,84.12903063842819,61.738165374626085,Yes,7.7,3.6,Not Placed,0.0
293,23,Female,6.43,EEE,Tier 2,3,6,4,52.08881148216417,75.13768365012689,86.47448827231307,54.38453522092588,1,5,859,73.40349131353271,75.39846449739206,1,61.904205112568015,43.592309111080944,Yes,9.8,6.1,Not Placed,0.0
294,19,Male,7.93,ECE,Tier 3,1,6,2,67.27744112292696,60.50349175457895,50.37083043151412,73.75720137294715,0,4,976,74.62645210564395,84.00948644061434,0,44.24798077463274,47.42624365990712,No,9.8,3.6,Placed,7.02
295,21,Male,7.5,ECE,Tier 2,3,3,2,67.61535790740092,45.74951185853229,66.2866667397792,100.0,0,2,66,89.9853001455917,99.6788899002521,0,72.79448873567907,66.89284631393599,Yes,7.8,2.9,Placed,12.34
296,21,Male,7.78,Civil,Tier 3,0,4,2,45.48340627430339,70.462235728141,65.51516548683242,46.25329808545386,0,3,415,57.30844932082121,92.64660711060216,1,60.44802569557833,70.38360393382963,No,8.7,3.5,Not Placed,0.0
297,19,Female,6.85,Civil,Tier 2,0,2,3,76.36681159406807,64.23207121655673,64.07921592046854,40.7379676387178,1,4,409,84.0730205615213,91.53086248008884,0,17.50984953641786,62.75003199223332,No,8.2,5.0,Placed,6.84
298,23,Female,6.6,CSE,Tier 2,2,3,0,87.14527706047716,54.48266550088263,76.47795854190639,59.53118234257666,2,3,454,46.49948761864802,80.25317392024142,0,29.10219590763584,48.526387513237054,Yes,6.0,4.4,Placed,7.51
299,24,Female,6.64,Mechanical,Tier 2,2,1,3,63.99677752435076,44.72745831459057,68.7040998977857,76.82282974969748,5,4,191,72.90644760877596,70.06572666287128,0,66.55656885156883,66.32708985783523,Yes,7.9,3.7,Placed,9.71
300,18,Female,7.74,Civil,Tier 2,3,7,6,48.1719035776577,83.07438518454717,53.9362223238834,91.44618639146708,4,6,67,62.42374789169777,84.19582444863087,3,59.60635321204372,49.21135551587886,Yes,6.7,5.8,Not Placed,0.0
301,24,Male,7.43,EEE,Tier 1,2,1,1,30.295703773348627,28.416310291008017,75.06270173326128,60.740459754000725,0,5,306,89.45259271532326,85.97063279663118,1,44.42796926653061,49.88449887105421,Yes,7.4,6.6,Not Placed,0.0
302,21,Female,7.94,IT,Tier 2,4,1,1,92.74714299495454,74.91881947803242,44.47253245883914,75.2079088056036,2,5,699,81.00339940779456,94.62312408540365,0,81.20565527592858,39.186540040711805,No,6.6,3.8,Placed,11.21
303,19,Female,5.85,ECE,Tier 1,1,2,3,50.63633755939991,73.66170641502997,67.7134562368641,58.39374633410764,0,0,546,75.81701341993568,91.05182958697952,0,67.88856149707382,48.198106398905466,No,7.0,5.6,Not Placed,0.0
304,21,Male,8.22,IT,Tier 3,1,5,4,78.66221700129475,68.71214976244048,75.94533883839537,97.872295254123,0,1,95,67.33741809996447,67.6510687087214,0,57.73171836003616,71.32943867504619,No,6.9,0.9,Placed,9.45
305,18,Female,6.1,Civil,Tier 2,2,5,5,65.96551976569839,69.31038736000967,61.40369181155226,67.62044860582029,0,2,196,71.280090421935,91.39665307916356,1,68.21923910894961,86.88805828985622,Yes,4.7,1.4,Not Placed,0.0
306,21,Male,6.9,Civil,Tier 3,1,2,1,68.61394862380843,70.07027426357917,56.30994760019139,86.67083690694552,1,1,727,73.79516269398508,85.50474982889129,0,76.07688585939843,61.16861748164794,No,6.0,1.9,Placed,4.62
307,20,Female,7.55,ECE,Tier 1,0,1,3,52.23918213961013,48.245594311932365,74.79368285559856,80.78982896327616,2,4,224,72.47728295990692,82.61000686619798,0,57.82686944783985,50.36951997691917,No,4.7,0.5,Placed,9.81
308,20,Male,9.24,IT,Tier 3,1,3,6,68.20963696161562,83.95537123269396,71.26608975158834,49.36232400934335,1,9,376,78.48982135016453,75.79485194220662,0,50.66438008941196,44.57962631167442,No,4.9,3.2,Placed,7.82
309,21,Female,8.06,Civil,Tier 1,1,7,0,58.45080438924101,93.8063598472542,67.40834218625207,66.65263090748344,1,5,654,75.7063208374011,79.54637092596498,2,72.30303433886964,28.823950776012456,No,8.7,1.8,Not Placed,0.0
310,21,Male,9.1,IT,Tier 1,2,4,1,55.04454377727048,53.31771452425375,55.53035020215812,79.95051546576175,0,5,995,87.98046263306301,81.25137484715722,0,74.9965183474578,71.02012076160611,Yes,5.2,3.7,Placed,13.85
311,20,Female,6.24,Mechanical,Tier 2,1,2,1,78.60930527263767,45.98020166103015,57.34697472087001,54.979633571081926,0,6,532,71.90817419355864,89.33886224187194,2,75.29102420378021,67.57758244250438,No,8.2,0.5,Not Placed,0.0
312,23,Female,7.19,Civil,Tier 3,2,5,3,98.83987899608064,50.40386229804295,76.28895210554137,42.96023213299051,1,5,76,68.36897399975665,75.88442135499918,0,55.283183514407874,19.494068046714624,Yes,7.0,4.7,Placed,9.61
313,22,Female,6.81,Mechanical,Tier 2,2,2,1,54.069120905825145,48.3003240225316,57.18661870480764,61.90650801841994,2,0,802,83.22425224103712,90.4821087151742,0,84.17019685212215,91.06407864339909,Yes,6.2,1.4,Placed,8.77
314,20,Female,8.61,CSE,Tier 2,1,6,3,68.8203748976474,84.43510458230614,65.63824096083626,43.36589924334886,0,7,580,80.6084921478033,96.9477919188001,1,81.3479107582137,14.53122240119896,No,8.0,4.2,Placed,7.78
315,21,Male,9.45,IT,Tier 1,3,3,1,74.00722229837618,59.56680872433318,56.21354484299273,53.54364375779247,1,1,520,62.09831274850028,76.7687606517647,0,62.7332664833657,54.92237247551461,Yes,4.3,1.8,Placed,15.65
316,23,Male,8.68,EEE,Tier 1,2,2,2,70.34879968666002,72.9977241664665,73.06562412626465,58.59630799581064,1,8,359,49.737688301447065,100.0,1,77.06433540070736,42.2121342133428,No,6.9,4.5,Placed,8.62
317,21,Female,7.21,CSE,Tier 3,2,3,2,76.25836453543081,76.59623636353726,53.013799222295056,75.83703620458368,3,4,100,93.61479109791848,86.98172680019785,1,68.18418626692325,49.47666158863852,No,9.2,1.2,Placed,5.75
318,22,Male,7.54,ECE,Tier 3,1,0,1,79.21266618367501,89.05221330639053,35.67987893692552,66.58696352680319,2,2,630,84.91882812945698,76.84096123565844,0,48.56514617967555,77.89280520995759,Yes,9.5,4.1,Placed,5.33
319,22,Male,6.29,ECE,Tier 1,1,2,1,75.67261966190533,80.07790889281885,61.14437640572388,52.93140267025524,0,3,397,68.18645689172375,80.8725028988862,0,55.71246786116312,53.748707133959385,Yes,10.0,4.2,Placed,8.93
320,18,Male,7.24,CSE,Tier 1,2,2,2,62.82753895624299,92.51110168831887,79.7824050519045,65.27841715331769,0,3,704,81.7186422710538,82.85567393105504,0,54.77239494325973,60.05359176925458,No,6.8,4.2,Placed,11.76
321,21,Female,9.88,Civil,Tier 3,1,5,3,53.25712415282416,65.624052455489,62.36252489794536,80.18930321262879,0,5,367,75.13287466529218,100.0,0,70.30110661065892,62.82727930524277,No,7.4,2.1,Placed,9.26
322,23,Female,8.26,CSE,Tier 2,2,2,3,51.8566961011112,87.5011309288238,43.657848335442665,61.34772913274812,1,6,983,59.77662918682246,93.12468326132328,1,26.963994118831657,47.62032080842981,No,6.8,3.2,Not Placed,0.0
323,22,Female,6.68,Mechanical,Tier 2,6,4,4,92.35868983658648,53.96161902962633,60.08065735423799,71.26783880650608,0,5,54,61.00609193243473,60.25234659247843,0,35.48082871945002,57.87207216256338,Yes,7.6,4.7,Not Placed,0.0
324,19,Male,7.65,IT,Tier 3,2,5,1,55.67901708888256,60.78571818018976,74.42000177032804,58.14984310219224,2,3,692,80.01711913481026,93.99697542070292,0,73.43775928989103,90.19498549886956,No,8.1,2.0,Placed,10.18
325,20,Male,9.58,ECE,Tier 1,2,5,2,57.98912115142012,46.65013210958677,77.36480551382908,62.81820456682129,0,3,414,57.85180982393524,97.24826547095154,0,73.73955871598012,52.35128952188752,No,10.0,0.5,Placed,12.06
326,20,Female,7.73,IT,Tier 3,0,2,1,100.0,61.30393162575764,60.8659623975204,57.663347611776736,1,5,222,65.88956833534183,81.96681820122991,0,56.66531626254038,52.27128584478774,Yes,6.0,6.3,Not Placed,0.0
327,23,Female,7.86,IT,Tier 3,2,4,1,73.58096504496388,59.30698297249842,67.14702226785651,88.11036193950324,0,0,271,58.00259244928838,76.71674095361938,5,66.37888237443796,59.3826967285944,No,8.7,4.6,Not Placed,0.0
328,18,Male,4.5,EEE,Tier 1,0,4,3,93.5534711854189,84.11100023819287,47.034452268467504,34.62638919835185,2,6,62,75.38702994007588,75.5751879730271,0,84.72100012418497,93.1654864754028,No,7.3,3.9,Not Placed,0.0
329,22,Female,7.84,ECE,Tier 3,0,6,2,64.70918336794797,44.49367595915962,83.25545897888581,67.04937777728706,1,9,414,72.08484012833544,92.29214439460809,0,57.8051307081525,59.35364013041541,Yes,5.8,4.1,Placed,6.74
330,24,Female,7.13,Mechanical,Tier 1,1,2,3,37.72012484693262,100.0,94.40159162985736,72.0709899072992,1,4,737,69.63842726050194,97.25396360263063,0,38.89264124559075,46.18876310598832,Yes,6.3,4.4,Placed,11.03
331,20,Male,8.94,CSE,Tier 2,2,6,2,41.11163960659259,50.80814437037253,66.39404481478175,68.77763720158576,0,6,608,48.21986731941222,85.9211368773453,0,56.93418428057336,83.05321838669921,No,7.7,4.2,Placed,9.24
332,19,Male,6.51,CSE,Tier 2,3,2,4,80.86905324794645,61.57605368178727,66.45330613850263,43.22841765768534,5,1,634,98.99146883638602,88.14537737734632,1,45.01602936959743,63.03604662615914,No,5.9,1.4,Not Placed,0.0
333,18,Female,8.1,Civil,Tier 2,1,8,3,47.00070927487936,85.22826845602486,62.96385840651165,70.91470475907087,1,1,569,78.01710563199227,87.02990708786379,0,70.25830612659092,48.53752154087984,Yes,9.6,5.9,Placed,10.24
334,21,Female,7.18,ECE,Tier 2,3,4,2,78.61824044808148,61.95556557597228,73.69940885939188,68.05870919523223,0,4,733,73.93649540062331,79.17371653001031,0,62.092156806054206,68.42015818704753,No,10.0,2.0,Placed,10.56
335,19,Male,7.55,ECE,Tier 1,0,9,2,70.84592344211275,65.50683613218618,65.73101242683623,55.73315815493356,0,5,526,62.31967096726086,96.84706378329729,0,34.23457992524469,83.03901289980823,No,5.8,4.2,Placed,10.75
336,20,Male,6.97,ECE,Tier 2,2,2,3,52.197034398494125,83.76822217291061,74.76264155050444,79.79880927588768,1,6,107,71.44345072135859,81.59527700484749,0,40.92838600290336,70.70831666598706,No,10.0,4.7,Placed,8.96
337,18,Male,7.58,EEE,Tier 2,1,3,0,73.65542386584121,44.37188828399734,66.77098534318576,46.132399497532106,2,2,576,74.16488179902169,90.49147376361496,0,35.29530101832525,37.0005585900297,No,4.8,1.9,Not Placed,0.0
338,21,Female,6.64,Civil,Tier 3,3,1,4,60.42932668965522,59.03052145062417,63.143740054847086,67.99773413481084,1,8,296,85.70610373560805,78.43540370181668,1,39.79105164305136,63.73731379026093,No,7.6,4.0,Not Placed,0.0
339,18,Male,5.79,IT,Tier 2,1,2,5,65.8185458787798,77.43383668482673,51.26239721934168,51.1544031999245,2,0,763,51.31796284849199,71.00974486595594,0,48.909599412485726,48.57617445759014,Yes,7.2,0.5,Not Placed,0.0
340,22,Female,6.91,CSE,Tier 1,0,0,2,71.97097406014336,67.45533220817744,84.36394129246199,90.26870742076792,1,4,654,70.69379185955219,78.10122145222414,0,55.82532670414047,59.81679139368903,No,4.3,4.6,Not Placed,0.0
341,21,Male,6.82,IT,Tier 3,0,2,1,83.62283699388018,45.21924340347368,56.70864214425965,78.87011596489687,2,7,367,62.710189910185846,82.77085174889946,1,17.28746400161579,78.69260686783866,Yes,5.9,5.8,Not Placed,0.0
342,21,Male,7.6,ECE,Tier 1,0,5,4,74.85884558484045,71.30816707270394,69.61993437801718,62.45871172920304,0,5,67,49.93390047898615,70.53647970818348,2,79.8908901357702,53.64836457331956,No,4.3,1.9,Not Placed,0.0
343,23,Male,6.3,Mechanical,Tier 2,0,5,3,52.83009683401638,94.55552612562563,70.03104808552287,91.7575132061876,0,2,220,61.13213984035083,70.35833010557113,1,100.0,28.06955333221881,No,7.0,5.0,Not Placed,0.0
344,18,Female,8.12,EEE,Tier 3,1,5,3,64.68048269016452,44.82979022934643,67.2146833806787,79.00282007891343,0,6,776,73.8205707013692,80.28595471531153,0,67.77448809320273,58.331378455864666,No,8.7,3.0,Placed,6.63
345,24,Female,8.04,CSE,Tier 2,1,3,2,67.53251707959183,47.87859524529652,70.03512721896935,78.83610508513071,1,7,476,58.51990812274224,100.0,0,58.60761749678231,45.43233344819633,Yes,9.0,3.5,Placed,7.94
346,21,Female,6.17,Mechanical,Tier 2,2,2,2,56.27462759929426,73.95090637969108,83.02966788139477,48.73531203881332,2,7,262,80.72281683329902,81.58993625270826,0,67.23746260908493,10.964251086468686,No,5.9,0.5,Placed,7.55
347,18,Male,7.53,ECE,Tier 3,1,2,3,88.31568530923771,46.37673804375507,93.80700737272848,65.57471926169416,0,5,356,65.47429774013908,86.62154354648752,1,79.58541456002912,65.2204179640923,No,6.0,3.9,Not Placed,0.0
348,21,Male,7.38,ECE,Tier 3,0,5,1,68.71985992782162,73.25232306059021,40.58965017294015,77.30901542585583,1,4,906,64.92446015237891,88.16866669650419,0,52.89088949832696,74.50925418692306,No,8.4,1.9,Not Placed,0.0
349,24,Male,7.42,Civil,Tier 2,3,1,5,72.54374267483189,59.17861808233668,48.85067274774608,76.71010967331608,0,1,827,87.66838417108787,95.82559111967686,0,74.01349893285402,52.36508247752776,No,5.3,4.9,Placed,9.39
350,21,Male,8.01,ECE,Tier 3,1,4,2,89.82753591882356,73.78066495289771,56.89820813243241,80.65676306396858,2,1,234,86.93014129775281,64.59690026316116,0,80.92931282633555,48.613233464293984,Yes,4.8,3.7,Placed,5.36
351,18,Female,7.4,EEE,Tier 3,2,3,3,65.04040568291195,69.76845371108628,82.88499131910731,66.14476788035265,0,5,345,63.24382814200019,89.81050730243626,0,40.80089120588018,62.85163758670663,No,6.2,1.8,Placed,7.0
352,23,Male,6.09,Mechanical,Tier 3,1,4,0,82.49837435173596,69.37542985149508,67.44352597036797,58.9947514257648,1,4,208,49.702027623054455,83.68515459577995,0,54.67380220486365,53.137190502590016,No,7.6,5.8,Placed,4.8
353,23,Male,8.78,CSE,Tier 2,3,2,2,66.598831170773,50.46412693454441,37.952647378356055,64.40571314522204,0,3,830,53.17294793464109,91.91542251847706,0,36.2585224405612,94.05509669122348,Yes,9.9,2.2,Placed,10.86
354,24,Female,7.95,CSE,Tier 1,3,2,3,59.61118136001284,48.34264960865927,74.99215401146279,73.15405958708646,1,3,931,69.99907215772697,86.24784432724982,1,58.15797863614017,24.33613812181138,No,7.5,6.9,Not Placed,0.0
355,24,Female,7.08,CSE,Tier 1,0,1,0,76.00154268630507,52.212472692298455,63.31219585015052,43.13646267415564,1,3,484,72.02613246735983,69.32588987794512,0,59.41379362422258,77.61628555775745,Yes,7.5,1.6,Not Placed,0.0
356,19,Female,6.36,EEE,Tier 3,4,2,2,80.82637990812604,45.74807930956415,81.98245632212289,60.20029588581976,1,4,114,68.26930838367724,95.6645292674374,0,43.276100808161615,85.03840521689011,Yes,7.8,2.9,Placed,5.9
357,19,Female,7.02,CSE,Tier 1,4,1,3,90.51440936194874,53.068384692129854,93.48365308668345,49.56367339385093,0,3,569,79.89280750096391,82.03450117496679,2,82.83540620093258,58.76855760847842,Yes,6.9,3.7,Not Placed,0.0
358,19,Male,7.47,CSE,Tier 3,1,2,1,74.83604881925024,100.0,65.21130780550389,45.86462239408862,0,6,94,54.609170460058806,83.07584996649823,0,55.89472036456028,49.88300810097745,Yes,4.1,4.7,Not Placed,0.0
359,21,Female,7.6,IT,Tier 1,2,5,1,70.01866998249714,45.17312680844963,63.395603922900456,42.20429943544143,0,3,96,79.04797029276749,78.25156526345737,2,56.7719573936372,30.39339521306609,Yes,8.9,0.8,Not Placed,0.0
360,22,Male,5.11,CSE,Tier 2,1,0,2,54.99478554309964,68.40738472826713,65.2854999243132,38.16081349409861,1,2,208,71.57037708620575,82.06613109003013,1,76.2566330769605,60.515153366211706,No,6.1,2.0,Not Placed,0.0
361,21,Female,9.87,Mechanical,Tier 1,2,3,3,90.29804920342644,52.91467640172037,65.64039153982458,60.5704608185397,0,6,283,66.36608432789907,83.8029136525523,0,36.17828121029436,28.9354124902706,No,6.8,4.7,Placed,15.02
362,19,Male,8.75,Civil,Tier 3,4,2,3,62.99101453975942,73.14818545633884,70.81501184377832,73.87771632415816,0,4,456,69.52695897937828,96.52356203376046,0,35.95730666776724,67.78474984851717,Yes,5.7,3.8,Placed,11.27
363,20,Male,7.61,Mechanical,Tier 2,1,3,2,74.18572245248757,60.54634735414291,77.30570579398683,71.77283716248655,1,3,881,76.94227445471063,99.88477340736914,0,26.170154392866387,34.61746217430978,Yes,7.9,4.1,Placed,8.38
364,21,Male,6.32,IT,Tier 2,2,2,2,73.30956039030971,67.02495398207131,73.50866909680363,83.67710115258949,0,5,871,65.72542675004628,100.0,1,66.2794702307271,59.71816101413109,Yes,5.1,1.8,Not Placed,0.0
365,21,Male,8.58,ECE,Tier 3,2,4,3,63.53154495199844,61.1602768535857,54.78080861512998,47.70318058373512,0,3,663,79.32000781628352,74.0805284759834,0,55.40790506395158,41.25328741152354,No,5.8,4.3,Placed,8.18
366,19,Male,7.16,CSE,Tier 2,2,6,0,76.40987125210859,77.65799517348235,84.08897379979761,79.80726381307372,0,6,99,91.05330920086482,83.82816125058216,0,84.09915242690364,45.18825084445446,Yes,5.9,5.6,Placed,11.31
367,22,Female,8.48,CSE,Tier 2,4,3,1,68.47064062920994,64.30384958796205,62.68722444276393,57.93116476026627,1,4,414,66.0016526149908,77.6469307345987,0,31.967179699816217,59.98444058423512,No,5.8,5.4,Placed,10.54
368,18,Female,6.82,IT,Tier 2,2,1,2,72.06483966616965,46.721076421260456,45.52882910043032,81.13909941289353,2,2,383,64.65607357890592,73.90734798654447,0,66.94742294541311,25.39291060837132,Yes,6.3,2.7,Placed,7.2
369,18,Male,6.29,ECE,Tier 2,1,4,4,94.00518383800691,31.03792975207364,64.94792666530476,60.15886855069073,1,2,222,49.69848415714675,100.0,0,69.58591346380895,25.49641688455472,No,10.0,0.5,Not Placed,0.0
370,19,Male,7.54,IT,Tier 1,0,4,0,94.52326201539564,64.65626501664055,77.75658108593406,55.9692479123261,3,4,776,54.894173815982704,86.23036131501667,0,91.44351716985834,94.84201466159918,No,5.7,4.6,Placed,10.25
371,18,Male,7.86,Civil,Tier 3,5,4,1,66.21546012910855,67.61061173432054,64.48765465167472,60.76147114423952,1,6,428,85.05182356514166,69.04689956294496,0,58.77339449389493,51.815102223531255,No,7.7,3.3,Placed,8.88
372,20,Male,7.21,ECE,Tier 3,3,4,2,86.34815608131723,56.32621773763026,58.20335858969237,76.30316867161872,1,5,209,68.99750162644133,91.1859868015176,2,34.98503915114419,42.91689258324432,No,6.4,3.5,Not Placed,0.0
373,18,Female,9.04,EEE,Tier 3,5,3,0,36.81986873756707,72.37770741200262,74.50929614199418,54.73864184063087,1,2,565,92.06009908048864,84.44546692955961,3,70.33456923518716,57.63838044535075,Yes,5.4,3.9,Not Placed,0.0
374,24,Male,8.5,ECE,Tier 1,2,4,2,59.78293262650514,67.50047053381023,54.45718613642535,66.16813398421785,3,1,660,53.37064796260799,84.04413278430489,0,41.66391637625249,59.205944938186974,Yes,5.4,1.8,Placed,13.76
375,24,Female,8.35,CSE,Tier 2,0,3,1,67.98036498526454,43.51411841914691,81.82478270261488,55.17756126151544,2,2,851,47.39187615790122,78.83685291534655,0,30.91074979615464,72.90711963564692,No,6.8,4.7,Placed,7.95
376,23,Male,7.79,EEE,Tier 3,4,7,3,66.4577046412682,84.88164526770925,55.22825398761954,54.79020977461845,1,5,673,83.00528796939005,77.88987787288394,1,53.70800567130858,82.2280205825653,Yes,7.2,0.8,Placed,6.42
377,24,Female,6.63,CSE,Tier 3,2,2,1,59.537655208927255,33.76276923078075,83.75397642667366,73.35281218853731,2,7,285,85.28579859297317,99.3747553175288,0,44.144639907482656,28.81726515529905,Yes,6.2,4.2,Placed,5.98
378,23,Female,6.76,CSE,Tier 3,4,2,0,28.50223714775121,84.40753864489847,96.71745992587292,58.068817445359294,1,6,736,100.0,75.00611966440104,0,59.73786084235152,74.5956604209406,No,4.5,4.5,Placed,6.53
379,23,Male,5.2,CSE,Tier 1,1,2,1,69.65918679836248,55.911005546671575,70.69759195705836,70.82636506572503,0,2,651,76.98660580304883,72.84148295625862,0,48.053530317083634,47.797763735491934,No,6.2,1.5,Not Placed,0.0
380,22,Male,9.39,Civil,Tier 3,1,1,3,29.0231450762193,54.53151510381126,51.98759376640389,74.27084285823896,0,2,913,82.71349179112391,75.79019975223261,0,29.083718015897645,80.23318219030344,No,8.8,3.0,Not Placed,0.0
381,18,Female,7.26,IT,Tier 2,1,4,2,69.97552439996582,78.5391193365019,66.38275151058566,63.23558155766504,3,2,685,66.35683183958977,72.36755521952821,0,71.43871533392344,44.68567508270611,Yes,8.3,3.1,Placed,8.38
382,20,Male,6.67,EEE,Tier 3,1,4,0,61.746280031786135,68.33448644940762,98.04884429133853,95.90946625012512,1,5,120,80.68641337510857,89.36590741325216,0,35.82700218921683,73.44917333237429,Yes,6.5,1.1,Placed,5.46
383,20,Male,7.15,ECE,Tier 3,4,2,1,63.98279129363598,41.29050295826782,72.39738237325678,74.89760263140676,2,4,432,73.12849075703166,90.16492310750746,3,35.462252662081404,38.17148739203032,Yes,5.7,2.3,Not Placed,0.0
384,20,Male,5.94,IT,Tier 2,1,2,3,69.93200704707849,68.16328991060941,53.81201425947939,60.176549874322966,2,3,930,89.06599609511792,82.32218981801061,0,68.40963219917892,72.78456878014673,No,6.6,1.6,Not Placed,0.0
385,24,Male,6.89,EEE,Tier 3,3,2,1,77.35883226671481,58.76616281931109,60.52934121021607,73.90435561674644,3,1,804,74.0437756751888,81.33886005308834,0,71.79183803752002,52.271621460280805,Yes,5.4,3.3,Placed,6.93
386,24,Female,7.49,EEE,Tier 3,3,2,1,53.600001704362086,67.88923407579847,66.6586311228496,64.23408693842691,1,4,884,79.98489689993647,92.36817755118312,2,92.2317556675718,44.68655971029363,Yes,7.3,3.6,Not Placed,0.0
387,23,Male,6.49,CSE,Tier 3,2,2,2,76.2159620214547,66.04021461472486,74.41619950890001,90.56692881360388,1,7,513,65.91034745646044,80.85650137103268,0,83.82907055601393,91.17204218189902,Yes,6.1,5.1,Placed,8.17
388,21,Female,9.27,IT,Tier 2,1,6,3,88.08930833397545,62.22919930067717,79.35509550701764,77.36713885959182,0,7,265,85.45216542163348,74.94693755062642,0,55.4410296107072,38.15252501668091,Yes,6.9,2.5,Placed,15.7
389,22,Male,8.8,ECE,Tier 2,2,4,2,53.70159523119099,73.31600126222878,83.24594331763821,80.87291854166827,2,3,268,65.03405411388306,90.1411325245847,0,66.22226386110462,17.28617861008057,No,7.3,3.7,Placed,11.89
390,22,Female,7.83,IT,Tier 2,1,3,3,71.58508888441742,65.36659171571554,84.10182441632993,69.44672719891132,1,1,764,90.07073135497576,80.36698217010105,0,93.56421110925608,30.726006187558955,No,8.3,5.3,Placed,9.37
391,22,Male,6.79,CSE,Tier 3,2,2,1,77.01480665151875,72.69313374435342,66.93366133506971,71.91866148488593,2,4,547,59.56427484025927,78.22180323640787,0,73.06007343340758,38.15917817124188,Yes,7.1,4.7,Placed,5.02
392,22,Male,6.02,EEE,Tier 2,3,1,0,83.10311164983581,42.2680726951411,71.01969013584142,52.04344560902632,0,5,588,56.41152544462349,96.61589047988736,1,68.41406480268283,46.14213986504486,No,10.0,3.2,Not Placed,0.0
393,18,Male,8.08,Civil,Tier 2,1,3,1,74.35958707558021,49.15138380157762,71.33820371319808,69.03007479810137,2,4,868,83.74776903406814,83.91711498691308,2,53.11040853962523,9.512011308930958,No,6.9,6.6,Not Placed,0.0
394,19,Male,8.28,ECE,Tier 3,2,7,1,53.13358242760571,70.16261833032645,85.52246816872614,40.75223513366143,0,2,495,79.50346662808052,83.55903420439262,0,51.207293529700166,37.30430713727264,No,8.1,4.3,Placed,8.61
395,24,Male,9.42,EEE,Tier 2,1,2,2,52.70062962112453,50.36883066710917,58.11053137612336,79.54113820284095,1,2,871,41.60149805157195,90.42106409526536,0,49.59528017317741,85.98553052247131,No,4.5,3.8,Placed,8.75
396,20,Female,8.08,ECE,Tier 2,1,2,1,74.82778236546815,63.94935290305203,67.04403567638695,63.89604804587775,0,3,180,84.11109762552884,89.71396654011446,1,74.5002006804399,50.86662473917204,Yes,6.8,2.6,Not Placed,0.0
397,22,Female,5.1,Mechanical,Tier 2,2,4,2,50.93793422497564,51.42959398885535,83.57242963121054,52.18901888257915,3,6,316,63.20447950178267,64.07546989747968,2,33.98048200943256,28.2713390840743,No,7.9,1.6,Not Placed,0.0
398,18,Female,7.92,CSE,Tier 1,0,1,0,64.85623428408559,70.52862662651185,73.40602427474559,33.79802136617077,1,3,848,88.18497330121906,74.56822687284384,1,88.95779877024412,71.39454001755368,No,6.2,3.8,Not Placed,0.0
399,19,Male,7.93,EEE,Tier 3,2,0,1,58.33772049704535,52.803048386162,47.75806712628307,87.40028487530256,1,9,371,57.48545502494292,82.31861762609627,1,49.20516358333664,94.86928681521638,Yes,8.3,2.9,Not Placed,0.0
400,18,Female,6.18,ECE,Tier 2,1,2,2,87.47988075957629,56.42974437093652,66.550502641876,100.0,1,5,128,52.56263856000621,91.14200833793096,0,68.13561250845899,71.49697013949122,No,5.8,4.3,Placed,8.81
401,20,Male,9.22,Civil,Tier 2,1,4,1,82.97559346992628,64.58258897348401,67.9747192827921,68.84724182628159,0,0,918,59.72715018791691,71.48868432268372,1,52.19376892309863,62.928866597794446,No,6.7,4.6,Not Placed,0.0
402,20,Female,7.03,Civil,Tier 2,1,3,4,75.3906984858681,58.37444232149805,61.45082538193796,55.075416946286,2,5,236,71.34000860052926,93.91912813928492,0,58.72591509414436,52.49719288565332,Yes,10.0,6.1,Placed,7.9
403,24,Male,8.01,Mechanical,Tier 2,0,2,3,64.01676167823527,55.46071916323993,62.31072035923675,67.87553743293685,0,5,512,70.33332388833504,84.93970312242047,0,36.19515790471033,43.83851815253973,Yes,7.0,1.1,Not Placed,0.0
404,18,Female,7.01,IT,Tier 2,1,4,2,87.03644113920373,52.80697429010695,67.54690058918783,54.995690919407785,0,5,829,81.24576408194916,68.74141081780688,0,38.742511961995646,72.34161769593764,Yes,7.0,2.4,Placed,8.99
405,22,Male,8.46,CSE,Tier 3,1,2,1,65.4277180651122,88.76221289512654,54.42054002759564,54.52299052535656,1,2,710,72.70501706730013,100.0,0,14.725168907997393,5.549743994406462,No,10.0,3.6,Not Placed,0.0
406,23,Male,8.86,ECE,Tier 2,3,1,1,94.04428902141848,75.90455619348779,57.69484844307249,79.37886667249053,1,6,590,68.1351952340876,74.44092447205036,2,40.910745266921296,100.0,Yes,10.0,1.9,Not Placed,0.0
407,21,Female,7.88,EEE,Tier 3,1,4,3,78.81872440527232,81.47874856238425,41.4493135933299,72.42442127565936,1,6,241,59.860846896566784,77.36101883435981,2,50.999021146235286,46.05405413709784,No,5.2,5.4,Not Placed,0.0
408,20,Male,7.17,Civil,Tier 2,1,2,2,78.47820829794965,73.87499035025084,78.83472402176753,81.1318940326777,0,7,530,81.9019431113601,80.49522394353703,0,92.93157156460016,84.93485223578888,Yes,8.5,3.4,Placed,10.23
409,24,Male,6.4,CSE,Tier 2,3,2,0,74.95826599480304,88.5437718143913,63.59349023936055,60.60864829465003,3,6,441,87.82756480774947,97.39458988575706,1,24.84444639886204,36.59008208163121,No,6.2,1.8,Not Placed,0.0
410,19,Female,7.58,IT,Tier 2,1,3,1,64.69571428157107,56.90456779044045,55.409448746743045,23.29366082180922,0,2,516,62.05207379512643,88.8469882613029,1,97.06958032280733,67.81175523825827,Yes,7.4,4.6,Not Placed,0.0
411,19,Male,7.04,IT,Tier 2,1,4,3,83.26915379502174,51.69047480332382,50.56831100773178,43.2940131193121,0,2,874,64.37204853998902,87.5809309830543,0,35.23678886850887,41.81205638544049,Yes,6.6,4.1,Placed,7.88
412,24,Female,6.91,CSE,Tier 1,3,2,0,70.44205029059417,76.50231545916942,87.08952097328961,57.11898456213925,0,5,503,74.53610992540948,79.72943228166316,2,47.61718460953627,43.195336603158665,No,9.1,2.6,Not Placed,0.0
413,23,Male,6.19,CSE,Tier 2,3,6,3,92.44290303131876,46.418579888113534,92.46111473203302,63.66717938624255,0,5,398,50.99118572000924,78.39791126250543,0,60.19169419765675,70.2355908766605,Yes,6.0,3.9,Placed,9.54
414,19,Male,7.72,CSE,Tier 2,2,1,2,75.2007980670406,81.92531675201144,61.48176067806353,62.70564587699875,1,3,312,84.9227976365955,100.0,0,72.61946400682841,59.96655721713222,Yes,6.3,3.3,Placed,11.91
415,23,Female,7.14,IT,Tier 2,0,5,4,74.19161058522991,71.65789202538934,96.26627762080584,64.65388082416632,0,5,466,60.166058127040245,97.19437184776112,1,44.26356013532279,40.57178394109516,Yes,5.8,4.8,Not Placed,0.0
416,20,Female,7.59,Civil,Tier 1,1,2,1,40.85877315885745,65.38030720919416,69.80278190248406,68.6239560703022,0,5,86,70.3232446812783,82.22732408901845,0,45.50793830542303,30.162908608582384,No,6.9,5.5,Not Placed,0.0
417,24,Male,7.39,Civil,Tier 2,2,6,1,45.355852938627095,65.5529519424063,68.79543747576103,72.12079415380823,1,4,463,78.98777431242755,86.20642764576401,0,77.76866512316295,27.248019613027097,Yes,6.5,4.3,Placed,11.03
418,19,Female,6.71,ECE,Tier 2,3,3,3,89.13774327668722,70.52642767103357,79.69581596264108,71.86456173188779,0,4,178,76.25239066294722,100.0,0,90.7877683156971,46.36531597761218,No,9.0,3.9,Placed,12.12
419,23,Male,7.31,CSE,Tier 2,2,3,2,97.7821821679574,47.22037697809195,77.37026885782959,41.23670227592024,0,3,69,74.23783440133208,76.29574154032667,0,61.91420841883649,78.43074050836704,No,6.6,5.3,Placed,11.05
420,24,Female,7.38,Civil,Tier 1,1,4,1,68.90395974527505,63.70281975696608,96.26148255458295,66.9611891409661,0,5,780,68.37629016211295,87.96397844317931,1,46.77834919861302,36.567793407600334,Yes,5.2,5.5,Not Placed,0.0
421,24,Female,6.93,Civil,Tier 1,4,2,0,59.32037608322898,71.04113209267425,79.94080130780881,44.457613611668464,3,4,892,61.950237886843965,86.51299477916808,1,43.55433134398956,58.97559676373552,No,6.1,2.6,Placed,9.08
422,20,Male,7.27,CSE,Tier 1,2,3,2,87.29976634296526,48.99190232676524,80.88257213468005,66.6260480462665,2,4,465,67.93117082313488,100.0,0,74.43289269875908,56.57843010650842,Yes,6.3,3.8,Placed,15.25
423,21,Female,7.48,CSE,Tier 3,4,4,2,46.35196365498452,43.49421160067968,65.00681753472625,26.757263273228205,1,2,265,93.69717946077732,70.78396336285373,1,56.62659531176375,79.12811667101681,Yes,4.4,3.0,Not Placed,0.0
424,20,Male,6.81,Civil,Tier 1,0,6,3,50.88937789422883,69.02244322583739,64.29363151347741,64.45338662841318,0,3,145,75.43164297381661,89.78452720077694,1,29.3055432962177,83.05165327340197,No,7.5,3.0,Not Placed,0.0
425,19,Male,7.68,CSE,Tier 1,1,2,7,100.0,72.52160793732092,53.77985689158668,64.2086324581375,1,1,919,81.1236577326272,88.34854186816992,1,44.843836341196365,49.95170294877151,Yes,9.0,3.0,Placed,9.62
426,18,Female,6.97,IT,Tier 3,4,4,4,57.22871028296713,75.2982044872179,47.12106309011641,96.89787626068468,0,3,823,68.66195710779968,60.24735326249535,0,100.0,47.87657012693564,No,9.2,3.1,Placed,6.19
427,23,Female,7.3,ECE,Tier 2,1,4,4,74.07349957444166,89.18876439081052,80.65111312013978,68.23234831494568,1,7,396,68.77387961920743,86.00613011302835,1,78.18497882231645,45.43743757009248,Yes,5.3,3.1,Not Placed,0.0
428,20,Female,7.05,CSE,Tier 3,3,3,3,100.0,93.00908362021316,79.22880245997625,72.65754922998823,1,5,420,45.26544974861199,95.0345211453274,0,75.6507538393207,49.63940111672344,No,5.2,5.2,Placed,10.77
429,20,Male,6.8,CSE,Tier 2,3,3,3,75.39638826457629,78.09316385757788,61.11613551277695,57.67545321806047,1,4,316,75.85663144102116,84.03974025812238,0,24.202176311980708,25.94792184874259,No,3.6,3.6,Placed,11.18
430,21,Male,5.45,CSE,Tier 2,2,2,0,55.988813212393296,72.16723991039795,72.21880890987072,54.351320697605,1,3,557,74.02373312582803,72.83394420961137,1,57.60084765895937,64.90435723263411,Yes,9.0,0.5,Not Placed,0.0
431,24,Female,8.07,Civil,Tier 3,1,4,2,58.54618626781659,73.9763522314804,73.48294206585042,71.71022807990161,0,4,156,56.277539386299495,84.94387688235697,2,46.28206196406264,32.01266703412609,Yes,6.1,3.5,Not Placed,0.0
432,21,Female,7.06,CSE,Tier 2,1,3,1,97.37029136441872,75.3494439913141,64.77233987003015,37.7497191364087,0,4,319,51.93698158370374,86.14405973152934,0,53.74629214839531,64.97492230337241,Yes,9.8,2.3,Not Placed,0.0
433,19,Male,5.82,EEE,Tier 2,3,3,2,82.28488230647395,69.0261594692665,97.45842902412056,65.46250368132995,2,4,341,65.83486800058368,90.84493427953124,0,31.18176512814185,34.48837536332291,Yes,7.5,4.1,Not Placed,0.0
434,21,Male,6.71,EEE,Tier 2,0,4,4,71.9447730796726,75.02172034387266,67.16786857966886,56.01542706196396,2,5,542,63.16313930788007,87.30551905177333,1,61.772338925045744,82.6461228016349,Yes,7.4,4.5,Not Placed,0.0
435,23,Male,7.01,CSE,Tier 3,1,4,0,81.80781990805195,24.095104793843674,57.49430295846949,79.40877826767343,2,3,777,74.77544906187929,90.21186640548451,0,66.20479585485843,29.91650102149764,Yes,9.1,2.5,Placed,6.33
436,22,Female,6.88,IT,Tier 2,2,4,4,56.38965972532018,77.27084133112348,87.5889058045652,36.915629806560176,1,5,443,75.31389524124144,93.83000748446874,0,50.28238468820918,31.03781867079684,No,5.8,6.2,Placed,8.78
437,21,Male,6.1,CSE,Tier 1,2,1,3,73.67190607725877,82.98863616370431,76.53356168265765,64.68138723619603,0,5,398,38.795275539628136,98.08213914813813,0,63.07259959164982,7.331123766912626,Yes,6.8,5.2,Placed,10.87
438,18,Male,7.58,IT,Tier 2,0,2,1,69.93375221160407,68.31185893146126,62.807987662404514,74.99275754692326,3,5,476,73.88134541950846,85.41856724532897,0,52.89302873810091,67.43680368398913,Yes,8.9,4.7,Not Placed,0.0
439,24,Female,7.75,IT,Tier 2,2,4,3,72.83366954842381,62.695445165457706,62.55384432167993,66.58768091229526,0,1,467,51.64593862551368,88.74030701606416,0,42.83842481908409,87.57605703492004,No,7.9,4.0,Placed,7.47
440,18,Male,8.34,CSE,Tier 1,0,1,2,82.63023017531012,64.3237752043704,78.3429355511175,59.1661289123338,0,2,369,86.20366674207646,81.61216979859154,1,38.92192843446775,18.056538020822472,Yes,5.5,3.4,Not Placed,0.0
441,21,Female,6.63,CSE,Tier 2,4,3,3,45.33435347431932,63.25824068347367,60.57532697500597,81.48924580403713,1,2,811,84.87135210744692,89.96443877518911,0,90.64585327929174,40.63219195316864,Yes,8.4,5.2,Placed,10.61
442,18,Male,7.61,CSE,Tier 3,2,2,1,70.86596849812945,69.38529400296194,45.20116752485913,86.24545267033437,1,3,823,64.79385100669252,75.04301980933819,0,84.54228722073512,52.59288835342391,No,6.3,4.4,Placed,6.14
443,18,Male,7.26,EEE,Tier 3,2,3,2,65.819303169933,69.89092868623206,74.75492999068251,83.42389712458281,1,8,742,64.30981539864739,89.89657419240595,3,41.33698602702965,43.5844985400185,No,6.2,1.7,Not Placed,0.0
444,19,Male,5.87,ECE,Tier 1,4,3,0,56.73252183580785,76.07475260238967,68.80653565491471,71.22157343557735,0,6,403,96.47784084621634,78.01784281458923,0,72.56676685735759,66.05192587704137,No,5.5,5.4,Not Placed,0.0
445,23,Male,7.72,IT,Tier 2,1,3,0,83.18383036527342,59.6207762557106,65.83377285348865,86.22834422677738,0,2,612,88.74215871826944,99.80952882623608,3,77.03679307921576,41.31302499548923,No,6.6,4.5,Not Placed,0.0
446,23,Male,7.2,Mechanical,Tier 1,1,4,1,80.068956192912,32.54991757929756,66.07386735843406,64.05030325396322,0,2,335,76.81976428929725,80.95369331871076,1,67.98388427836832,58.36050111697839,No,8.4,7.3,Not Placed,0.0
447,22,Male,6.67,CSE,Tier 2,2,3,0,55.1375086028178,72.7886347030823,69.15079179761976,66.68856286818976,1,1,924,51.78361731539488,86.27095541220788,0,54.23549416061615,83.38156831010676,No,8.0,2.1,Placed,6.69
448,22,Male,6.99,CSE,Tier 1,1,0,2,88.71613987765244,71.25419170945247,53.35741451449131,59.50040672901577,2,3,64,53.7906942980269,90.34890553038854,0,85.75367385839473,90.64873195400418,Yes,5.3,6.7,Placed,9.19
449,19,Female,5.49,EEE,Tier 2,1,1,3,58.85957648971534,63.23630455780114,59.437978767868856,72.67244760836506,1,3,609,70.16929037585032,87.91820406691335,1,46.61806411172179,43.27159609009888,Yes,4.9,3.4,Not Placed,0.0
450,21,Female,8.25,ECE,Tier 2,0,2,2,100.0,44.02067810040055,80.65363044294342,51.7725185376401,1,2,438,48.38539649417723,86.93161474138198,1,42.35111048158829,57.10549191552165,No,7.7,2.5,Not Placed,0.0
451,21,Female,8.88,Mechanical,Tier 3,2,7,4,81.24816429518522,53.11512851110189,41.55692685162124,66.86020168259738,0,9,747,51.52537863721784,83.56806578641336,0,50.5253865651482,71.57986867552495,No,5.2,6.3,Placed,8.84
452,21,Male,8.2,ECE,Tier 2,1,4,1,89.95723987216961,79.65252918275013,66.43367188456315,51.68712021195312,2,9,366,71.44789823046779,100.0,0,60.71499747841378,44.68136066394901,Yes,7.8,4.9,Placed,12.16
453,23,Male,5.73,CSE,Tier 2,1,2,1,83.09369702424883,53.36622377796249,63.11759818581739,43.69274284887923,0,1,431,67.44226643264076,91.0426814528022,2,87.47880412929501,43.26460326606551,No,7.3,3.7,Not Placed,0.0
454,21,Female,6.08,CSE,Tier 2,2,1,4,63.944340425896605,51.78526185822388,71.54231729124419,53.28557874202757,1,3,478,55.57766301717129,100.0,1,48.96042710130038,68.66752924662865,No,9.1,3.9,Not Placed,0.0
455,19,Male,7.7,IT,Tier 2,1,6,1,84.08112205182319,31.564053139029504,68.17879175069373,82.05817885692238,1,5,184,87.12949270989503,93.02536542273032,0,79.60080144345758,59.85931051411698,Yes,7.1,3.9,Placed,9.93
456,22,Male,8.4,ECE,Tier 2,3,4,1,69.01921523805699,58.419032933565774,67.76860541428411,29.8382954744752,0,1,200,81.21135560566574,76.16311218526418,0,56.449496949700205,67.48436186798281,No,8.5,3.0,Placed,9.46
457,19,Male,5.96,Mechanical,Tier 1,1,1,0,84.68465985329631,63.11251491406069,59.47458563208443,55.6076520618525,1,7,317,77.04715753532345,87.329376687799,1,33.794478823844244,35.231974085406364,No,7.1,4.4,Not Placed,0.0
458,21,Female,7.33,Civil,Tier 3,2,4,4,69.45121171023803,64.23468618985925,81.69705474787459,84.16412358758629,1,1,655,70.17195035198071,81.95013777129425,0,28.80754086469041,43.687061450167626,Yes,8.8,6.0,Placed,6.64
459,20,Male,8.1,EEE,Tier 1,3,3,0,52.45448642385213,74.30020413215223,63.832887005816985,36.91453673780177,1,4,300,60.60504421950729,97.49218818537888,0,81.0384907780548,55.94827692214349,Yes,5.6,5.8,Placed,11.11
460,19,Female,7.54,ECE,Tier 2,1,1,2,66.8442304453105,90.22807456587452,71.30241762087407,45.86417282102947,1,4,791,56.36678154157563,93.6247230475654,0,42.45979393564808,43.89934444796874,No,5.6,5.2,Not Placed,0.0
461,22,Female,5.88,CSE,Tier 2,1,2,1,77.92116655888279,51.76881882578487,60.64470222986913,86.70771896051554,1,5,141,84.54369852807451,81.67971473019725,1,42.80204054396701,74.2522996412237,No,10.0,3.9,Not Placed,0.0
462,22,Male,7.21,CSE,Tier 1,1,3,3,75.68823029975084,72.97638308955982,64.52915521566891,60.98834063049724,0,3,829,64.99011839597239,75.61713894783625,0,61.23476927231653,54.34287801435241,No,5.5,2.1,Placed,10.55
463,20,Male,7.06,Civil,Tier 2,3,2,2,61.32141627318634,65.17351292529744,82.30595930757002,48.490803761458736,1,2,594,85.66232951481442,76.59985708373569,0,60.61527132422574,57.70127638705613,Yes,5.3,6.0,Placed,9.21
464,24,Male,7.2,EEE,Tier 1,5,8,5,68.44800058839479,65.61270605491923,65.42239699498668,46.5337740741272,2,4,898,71.22309348643833,80.63753008530493,1,90.45620112722068,48.19325716161981,Yes,7.1,3.5,Placed,11.22
465,23,Male,8.34,ECE,Tier 2,0,1,1,51.12112182651062,57.86987479660186,48.35234218529352,75.0976796851564,0,4,433,81.00503532072528,97.49044504615128,2,58.15956500788652,57.8035670877176,No,7.4,6.2,Not Placed,0.0
466,20,Female,7.11,ECE,Tier 3,1,5,2,39.23052044192068,78.4562142228085,89.55220117190208,53.58185750816714,2,3,362,75.20381033207194,100.0,0,38.45795228586945,32.5528597785508,No,6.7,2.7,Not Placed,0.0
467,18,Male,9.29,ECE,Tier 3,3,2,0,71.89974125061792,60.731396496359,78.3989947748361,56.27786206163203,1,3,994,67.02394796397218,93.44138451333836,2,74.08430901452758,51.28457344973407,No,5.9,4.0,Not Placed,0.0
468,20,Male,7.39,IT,Tier 2,0,4,3,68.27903415004293,58.48734937814408,57.4438939798343,83.65852693192647,3,4,706,95.62639971522216,98.30059456905872,2,33.13033827835626,59.67642752302506,Yes,6.2,3.4,Not Placed,0.0
469,20,Male,7.3,IT,Tier 2,4,3,2,76.55725370971959,43.320960619101406,68.19952582829136,78.38210950749622,0,6,743,83.53847384048042,71.61689840536201,0,66.5501226148198,67.77130604444423,Yes,6.7,2.6,Placed,11.0
470,24,Male,7.08,CSE,Tier 2,1,2,1,44.925636079547296,70.2427393120366,63.77449964460898,49.36113708506792,1,6,848,64.37258199476359,86.25399268544061,0,35.12265420122411,35.08928682728241,Yes,8.7,3.3,Not Placed,0.0
471,19,Female,8.12,IT,Tier 2,3,2,0,69.53698546593591,69.29671074273394,79.08362455905149,74.61872073853037,1,3,404,83.77283332956321,83.36876540082433,0,74.7572317998772,75.32382681032564,Yes,9.8,2.4,Placed,11.54
472,20,Female,8.22,CSE,Tier 2,1,0,3,46.92385182921795,52.42462803811058,78.33024817070932,80.07082430027744,0,1,166,83.85774905607417,95.91386089002114,1,43.22956028980916,25.87935745733344,Yes,9.4,4.2,Not Placed,0.0
473,19,Male,7.26,EEE,Tier 1,3,2,2,73.48904758352565,61.42757467494784,89.32417879751434,75.20895449755056,3,4,231,71.92904192333401,79.85829865978313,0,88.65949680144908,57.05093945973765,Yes,8.2,3.6,Placed,13.03
474,23,Female,7.57,EEE,Tier 1,3,5,1,65.02202486771901,52.601544652779296,75.29581721516291,100.0,2,3,72,64.40943722325343,82.16147892973744,1,63.39747448552319,58.85833327402675,No,7.9,4.3,Placed,11.96
475,23,Male,9.75,Mechanical,Tier 2,1,3,1,58.40384206305836,50.955663978991886,56.3782353414219,52.64826022281511,1,5,245,75.04851074913739,98.31784312257402,0,49.066650273263406,40.11297930687191,No,9.1,2.5,Placed,10.21
476,19,Male,7.68,Mechanical,Tier 2,0,4,3,80.9546902669517,65.80944540961295,82.71818119376164,79.3624742718269,0,5,920,77.71029653040796,95.43869503553655,2,100.0,63.01844015409688,No,6.5,4.9,Not Placed,0.0
477,18,Male,6.87,IT,Tier 2,1,3,0,90.24315199064048,70.27687702988219,52.68853764553253,68.7516732522878,0,3,950,54.90547252428956,78.54864058725643,0,87.67169969915176,37.10757834701381,No,8.5,4.8,Placed,7.13
478,20,Female,7.02,CSE,Tier 2,2,6,4,61.38673221316512,68.7857607127195,92.53462692199092,67.8353266088789,1,4,585,79.50364251702047,100.0,0,68.84884493021818,65.49443649647996,No,9.7,1.3,Placed,11.45
479,21,Female,10.0,CSE,Tier 1,5,5,3,81.00987914684319,50.6098025007737,67.39472629702468,51.31644371286558,0,5,240,69.54443762690074,71.76828369762734,2,44.75811684407252,73.37720373962824,Yes,9.3,2.8,Placed,11.34
480,20,Male,5.47,CSE,Tier 1,2,3,0,67.99189295333555,74.14273573832111,66.70737449817733,39.342711866364326,0,5,287,70.72161004411035,81.77204695994574,0,87.60706698636399,81.76160177394874,No,7.4,5.9,Not Placed,0.0
481,24,Male,7.75,IT,Tier 1,3,2,1,73.72237365175442,44.15726414255555,69.76596436418895,42.91784910232859,0,2,514,74.42235862448082,74.7227448311798,1,56.053479694511374,62.3175305408552,No,7.9,3.7,Not Placed,0.0
482,24,Male,6.77,CSE,Tier 1,3,3,1,79.14905574715849,60.59920991375944,69.32387603176372,70.54674980681713,0,5,421,43.88307145294552,90.0117554306709,0,72.30374752854158,61.61267377113451,Yes,4.5,4.4,Placed,10.7
483,22,Male,8.24,EEE,Tier 3,1,4,0,81.38937691014145,79.44555718814584,76.28831187055481,77.53794370209981,0,10,660,79.34501103159451,93.4221760444081,0,69.1231182511486,0.6056734159653132,No,6.9,3.1,Placed,5.43
484,21,Male,7.92,IT,Tier 1,0,2,2,75.88965388136731,61.92911898881085,88.68784583718585,65.65004648519202,0,3,300,62.64230160527991,95.05711106812583,1,26.628797073685377,48.75106182843659,No,10.0,6.7,Not Placed,0.0
485,24,Female,8.83,Mechanical,Tier 2,0,1,3,76.50924231582435,26.60517854450532,63.39998796856145,66.3944906654314,1,2,177,74.94788225567626,83.73085080907308,0,39.312229663041904,51.1302771441812,Yes,7.8,4.1,Not Placed,0.0
486,24,Male,7.45,Mechanical,Tier 1,1,2,1,64.6602238596459,50.12489330007527,64.00335900936399,66.70063001975961,1,2,721,52.01605864113002,92.59892044611972,1,70.44892153509004,18.5526469846958,No,7.5,2.2,Not Placed,0.0
487,22,Female,7.16,Civil,Tier 3,2,5,3,60.52804917965818,83.2946700964386,65.19206712387849,61.47493085365041,2,8,353,72.24578684849408,90.08477838120346,1,57.12100142740788,49.87394685925023,No,6.7,2.0,Not Placed,0.0
488,20,Male,7.92,CSE,Tier 2,3,3,4,90.35973082311094,82.37485742115163,61.50938521903569,51.79015474772972,0,5,855,56.5881523930841,80.75736283756522,0,47.64835705854754,61.331029245569056,Yes,7.0,3.2,Placed,10.99
489,24,Female,7.37,CSE,Tier 1,2,2,4,72.68471809105696,77.84398256105553,87.88767593933974,47.82991658302934,0,4,909,58.49878505884189,63.84947002684166,1,49.18595571790451,49.35928158755809,Yes,7.3,4.3,Not Placed,0.0
490,20,Male,8.17,CSE,Tier 1,2,4,1,94.16560880413164,61.74606094813963,75.85351563904287,27.752484622570584,2,2,203,84.5531230046067,89.1081757338951,0,54.72324961060402,58.31227648029712,No,8.1,5.0,Placed,14.65
491,23,Male,6.94,Civil,Tier 3,0,3,2,73.11735929901867,69.21512632544919,74.99041945339857,79.64919424944472,2,3,755,72.77384340662019,96.8190787068354,4,58.13955549370189,46.52824689863408,No,5.6,1.2,Not Placed,0.0
492,20,Female,7.25,IT,Tier 1,1,4,2,83.3812523300133,62.05773682225279,65.99400026054185,77.70804257491827,2,4,606,61.27161779103514,85.62970347682003,0,54.31513977426776,69.62936834776023,No,5.2,6.6,Placed,13.5
493,21,Male,7.58,CSE,Tier 2,2,0,0,52.486927595654215,73.34749280824353,42.80938043441901,48.94219200043644,1,4,964,81.22898056788071,86.6778448188166,0,42.03896422742699,50.336273156990615,Yes,7.5,4.1,Not Placed,0.0
494,21,Male,8.27,CSE,Tier 2,0,2,3,66.32181470569918,54.51900189014824,88.01969693250558,86.46253247763079,0,2,263,73.73304858569892,90.28647003930186,0,57.26874381096312,44.122123010105696,Yes,8.0,4.5,Placed,6.98
495,24,Male,7.25,ECE,Tier 3,2,4,2,63.66794330196171,51.92717798472554,55.118775953619206,72.9466226032104,3,6,210,75.86993845766993,100.0,0,73.69080612226108,67.39374994794157,No,6.0,4.1,Placed,9.35
496,21,Female,6.33,ECE,Tier 3,2,5,4,54.07064235310888,89.05253977302887,57.630953055182296,67.62902568597103,1,4,674,60.01444412646639,86.12894810345627,0,73.13909085331153,51.07036104040778,No,6.8,2.0,Placed,6.97
497,24,Male,6.94,IT,Tier 2,0,0,2,58.12950468810951,49.40513948738868,72.3457321810744,54.83370082159726,3,4,171,74.79678959102706,88.99283935906116,1,49.83998820012205,63.27364532079548,Yes,7.7,3.6,Not Placed,0.0
498,24,Male,6.73,EEE,Tier 3,2,1,1,67.22829232266011,48.7687233779521,82.68471354683493,42.44855427290741,1,9,945,69.13315416110574,74.99126253464544,0,66.7288049529125,49.31691059567422,No,6.9,4.2,Not Placed,0.0
499,20,Female,8.98,IT,Tier 3,0,1,1,98.00352944638196,80.46907031044677,61.23654289392293,81.02456404895175,2,4,684,61.192193407339616,100.0,2,54.877528213398165,68.58829632586364,Yes,4.3,4.8,Not Placed,0.0
500,22,Male,8.0,CSE,Tier 1,2,6,1,76.06741221894421,61.8957679472805,71.87835352464083,56.47587340141863,2,2,463,81.28216563861965,81.81023467620396,1,11.131912915978184,50.10216575175299,No,3.7,1.1,Not Placed,0.0
501,19,Female,7.82,ECE,Tier 3,1,9,2,41.35826348109249,42.6254803737609,80.46719970767073,98.01187335762108,2,4,860,52.534637215980624,97.70640881985882,0,47.68892569631143,38.665236662059634,Yes,7.2,3.3,Placed,6.38
502,21,Male,7.25,CSE,Tier 3,1,2,1,81.80567328239016,37.552958855582034,55.10586684265629,44.17750573604592,1,5,175,65.186580121695,81.33351114702829,2,42.35473804148383,56.76073529769656,Yes,8.0,6.2,Not Placed,0.0
503,24,Female,7.8,ECE,Tier 3,2,4,2,88.7011017794276,61.63571445165598,52.15650775116821,52.14487166908444,1,3,580,73.51562639947781,78.03254917504273,0,82.26154006479081,72.4209526014858,Yes,7.7,2.8,Placed,7.26
504,21,Female,6.6,CSE,Tier 3,2,2,0,75.2099602828694,55.531312145845625,51.85686515424746,79.41764707648802,1,3,381,69.82915934959397,71.50666784346254,1,49.79661455832824,48.39856476451936,Yes,4.8,2.5,Not Placed,0.0
505,23,Male,7.27,CSE,Tier 2,0,7,1,65.07365840604741,57.06328512441975,74.31242574524657,52.65398412996919,1,2,322,62.12273735682008,71.9712238802997,1,62.405201177574014,26.29785490416387,No,5.0,3.3,Not Placed,0.0
506,23,Female,8.75,CSE,Tier 1,1,0,1,65.05621146136224,56.76699781923082,73.13442844376513,82.29422962601622,0,4,671,66.45730949294146,90.36716720269996,1,52.718999855601616,52.71135070497867,Yes,6.3,2.4,Not Placed,0.0
507,20,Female,7.41,Mechanical,Tier 3,4,2,2,86.55317052702212,35.76564144876328,74.20399530565024,64.35308944008985,2,3,114,81.45755739745206,75.39267822423423,2,46.30713166723472,74.66595747607997,No,7.9,3.6,Not Placed,0.0
508,20,Male,8.1,EEE,Tier 3,3,2,1,73.0274416622518,75.17859250289102,80.62742233886524,64.96198758785773,0,7,300,76.23953217176069,78.32105621403487,0,41.41461307144788,91.90877984401956,Yes,6.5,1.8,Placed,8.44
509,18,Female,6.97,EEE,Tier 3,0,5,4,73.41295772138575,68.21664905742549,78.71425115705634,56.90728346194592,0,4,308,86.84613233179823,97.90291104387654,0,73.05356859396339,46.550299613564384,Yes,3.8,1.2,Placed,6.29
510,20,Female,9.53,EEE,Tier 1,0,2,3,80.6068204795482,65.48511978426518,68.32783653488,73.90351618872751,3,5,133,47.20241184728371,96.22183668070316,0,54.1514664714149,53.04454189776608,No,5.6,4.1,Placed,11.03
511,24,Female,7.38,CSE,Tier 1,0,0,1,68.18541834393707,69.69714164496726,34.524027881879285,77.31204286970458,0,2,629,76.7440041307156,88.12773200389695,2,93.21304533041584,68.66280854440589,No,4.5,4.0,Not Placed,0.0
512,20,Female,7.15,EEE,Tier 1,1,4,2,47.74059193139401,78.84136426989448,66.89581290308325,53.78074153275542,1,8,543,71.69915643162551,88.7029590867307,0,73.8278519538031,41.997801633436126,Yes,7.6,3.7,Placed,10.5
513,23,Female,7.56,ECE,Tier 2,2,1,4,70.88415909089815,70.6285831787691,61.402768281792994,57.92406266702531,3,7,781,63.51936482597386,70.21499569525497,0,51.51443276569955,36.2258003447182,Yes,7.7,1.7,Placed,9.24
514,19,Male,7.1,ECE,Tier 3,4,2,1,51.999628065170086,51.28272323110606,50.5030228778417,69.45699681285069,0,7,809,73.01785286626996,77.16081896305683,0,39.03915670523938,56.62785673984876,No,7.5,0.5,Not Placed,0.0
515,20,Male,8.93,CSE,Tier 2,2,3,3,52.16810523076791,72.54653142140539,85.72532562908684,73.47136030876337,1,2,365,76.14964489752633,81.55414647529575,1,76.89351229740527,74.67238797199674,Yes,6.6,2.0,Placed,7.79
516,20,Female,6.66,ECE,Tier 3,3,4,2,52.57938549792027,73.54131520779487,58.12002949344543,56.61865567097007,2,3,854,84.59131289341799,89.6621643480843,0,63.97849441511234,44.04434759461623,Yes,7.6,1.0,Placed,8.57
517,21,Female,8.44,Mechanical,Tier 3,1,0,2,83.97629957197503,64.54911466558794,82.78283275064774,53.79419676015437,0,2,900,56.81624836224459,70.49653672948997,1,39.04420097582786,67.83769706594833,No,7.9,2.8,Not Placed,0.0
518,18,Male,9.53,EEE,Tier 3,2,5,2,62.6626153312144,66.22969781461263,66.62016065039516,60.83704775649071,4,2,861,77.98693747251427,84.3314386703169,0,21.249253589810223,67.28965150751283,Yes,8.2,3.7,Placed,9.2
519,22,Male,8.01,CSE,Tier 3,0,3,1,65.88105777783996,83.18307745923343,38.129536352737134,78.13685007278934,0,3,896,68.7491710602766,87.01684038739876,0,63.19710941577637,43.51425170302295,Yes,7.6,1.7,Not Placed,0.0
520,19,Male,7.77,EEE,Tier 3,2,2,3,100.0,62.91062671692645,64.24347183107952,79.60264545453815,0,4,364,67.36225850597303,84.09629655891398,0,49.243371479345655,45.03155173677868,No,6.9,6.0,Placed,8.97
521,23,Female,7.58,IT,Tier 2,2,3,1,88.13760487961677,62.80431536439369,66.5303651392131,59.58832797130793,0,6,954,66.0764152375633,98.5018081707742,1,45.61921397028538,48.61767877035152,No,6.5,2.9,Not Placed,0.0
522,18,Male,7.09,CSE,Tier 2,0,5,3,51.430300614781046,53.85451845985701,77.2331673766344,53.96126459666193,0,3,979,71.91261001576237,72.84149894779301,1,81.08493184751586,54.19809296820032,No,5.9,3.7,Not Placed,0.0
523,22,Male,7.99,CSE,Tier 1,1,0,1,84.96990415952298,70.87919498371774,99.63628352709593,58.993508455023786,1,6,440,51.19463792830912,85.11054862318541,1,44.961210629323325,52.823434849599984,Yes,7.7,4.6,Not Placed,0.0
524,24,Male,7.1,Civil,Tier 2,2,5,2,81.38399238075519,69.13800064497129,62.47539040262275,84.36942241631358,0,2,111,72.51830205412327,83.28662352682653,0,85.28545154179811,41.39135125714233,No,7.6,2.6,Placed,11.33
525,18,Male,7.79,EEE,Tier 1,1,3,1,65.93665666641829,57.64265799526,56.00011644820015,45.66461281496051,2,5,307,70.09248209330258,89.16949824787243,0,69.9099443079087,67.83922066459601,No,6.4,3.7,Placed,9.13
526,24,Female,7.05,CSE,Tier 3,0,0,4,67.51902726143157,61.5513394279913,60.13951867097228,72.00210710767571,1,6,54,82.55066093008935,81.04942166229516,0,53.52636097003313,30.74706243383588,Yes,8.1,2.3,Not Placed,0.0
527,23,Female,7.76,IT,Tier 1,2,4,3,100.0,68.23123533747406,59.6463336834762,52.33533533026835,1,6,632,73.69028023199901,100.0,0,50.925638761154005,73.60447992772106,No,5.5,0.7,Placed,12.92
528,23,Female,6.66,CSE,Tier 1,2,1,3,73.70468306434285,82.58909949165003,46.68527476362087,86.49909924922773,1,4,857,51.64126912440474,91.00249076108643,0,75.88903742782053,90.75049643947835,No,8.9,6.7,Placed,11.41
529,24,Female,7.99,IT,Tier 3,2,3,3,96.7568148462996,67.71503456527834,96.16929897489337,61.68339837818453,0,2,93,78.07558467305378,87.81402336949236,0,88.70809661862765,42.16980619690139,Yes,6.8,4.9,Placed,10.46
530,21,Female,9.12,CSE,Tier 2,2,6,2,46.30468992806857,58.08627564824418,82.97545208421974,51.87673751415792,0,0,138,72.5247427520143,81.77370144038841,0,28.4239942340242,100.0,Yes,7.2,2.6,Placed,9.6
531,19,Female,9.31,IT,Tier 1,0,1,4,100.0,56.63657314364973,46.80628539706507,65.36161366351035,2,9,267,50.94871384555837,80.56428615085649,0,44.307964392325815,83.87458379485516,Yes,7.5,6.9,Placed,13.14
532,21,Male,7.79,CSE,Tier 2,1,0,1,69.91309665558502,51.68576910838473,49.09892535123504,82.29909104186221,0,4,205,82.66156350976854,76.62423108753259,0,38.40827900341812,70.79069788038842,No,8.1,3.4,Not Placed,0.0
533,20,Male,7.81,IT,Tier 1,2,3,4,89.99944510242995,99.28536334167634,56.2921027694059,71.8710409982612,1,4,420,38.54127257844496,74.21309638963575,0,59.934730186332935,56.11651628363615,Yes,5.9,5.1,Placed,13.8
534,20,Female,5.99,Civil,Tier 3,0,2,0,83.24581063171782,62.74246157648667,45.48663759112277,37.24306535552947,1,7,583,89.15184002983013,70.93279117648976,0,51.74522714379388,63.53442336949992,No,6.5,4.6,Not Placed,0.0
535,20,Male,8.5,CSE,Tier 2,1,4,3,62.34450206192677,54.51315323354248,68.81565053783362,100.0,1,3,534,44.19962661997784,76.04420940514026,0,48.8423748805244,51.642443865068,No,6.7,1.9,Placed,8.15
536,20,Male,8.71,CSE,Tier 1,1,1,2,57.83687133312551,75.33420282047852,77.60716762776404,51.59636593563853,0,5,588,47.9603091784932,70.7938290776283,0,66.73210394749317,87.14795985543513,Yes,7.4,2.2,Placed,10.4
537,23,Female,8.82,CSE,Tier 2,5,2,1,70.34115772090638,44.06253597552744,71.6161227027233,63.708954639736525,0,6,541,87.3361259728314,95.2701073912214,0,42.4556775586754,70.89249190684316,Yes,4.7,4.7,Placed,10.57
538,21,Female,8.72,EEE,Tier 1,3,3,4,80.87702708132996,51.64278407409884,81.7288644703766,64.04820195587322,1,2,214,72.35706464495652,93.35201113935994,0,74.13502469647315,70.34654685219238,No,9.5,6.7,Placed,15.22
539,22,Female,7.25,Civil,Tier 1,2,3,7,52.45155997910426,49.40963123185711,85.8950224647185,60.994865556322026,2,3,526,71.36545208545839,64.7253981284646,0,47.01661357411702,45.46902592523822,Yes,8.7,3.6,Placed,8.7
540,22,Male,7.3,Mechanical,Tier 2,4,6,2,85.37757711126764,62.51365140996705,55.39332919355473,89.78012756221324,0,4,674,94.1008541017599,100.0,0,70.9523257544891,53.40903217416134,No,7.1,0.5,Placed,12.63
541,18,Male,7.64,Mechanical,Tier 3,1,2,4,68.77715065553946,69.79467621133907,84.65227655711838,75.62453038110779,0,1,140,64.3978176632957,94.64180102105452,0,55.03530288311177,87.05990240108365,No,6.2,4.0,Placed,6.83
542,23,Female,8.14,IT,Tier 3,1,2,5,83.95840838477794,67.74543175637966,50.79556771650843,85.94311830587324,1,4,124,90.3307723055262,89.67064147610503,0,59.37486284684825,46.5387226116474,No,7.6,3.5,Placed,6.64
543,21,Male,7.05,ECE,Tier 2,0,4,2,40.66033103879501,77.77374834125852,87.69987787439287,79.6165051536531,0,6,473,75.86462895983398,92.20978610378144,1,54.38780630724547,30.207123381909472,Yes,7.0,5.7,Not Placed,0.0
544,23,Female,7.8,CSE,Tier 2,3,8,3,65.49083131141326,52.20581260643312,84.34343156181099,80.77332098175197,1,7,574,60.23254609604874,84.88000643679294,1,44.7153329544511,77.31798300521731,No,5.8,1.5,Placed,10.27
545,24,Male,7.3,IT,Tier 1,2,4,3,76.24348730188893,56.6241533541276,52.55521723629846,89.68678712933817,1,4,382,65.4437282648218,87.38992556411287,0,48.43983096602726,53.010255227908125,No,8.7,5.6,Placed,9.84
546,20,Male,8.41,EEE,Tier 1,1,2,1,86.99524029900746,68.10800830208599,72.89245802203041,66.72719594410947,0,1,522,66.63183028924995,84.31854181523548,1,82.36320537785006,45.601569849437446,No,8.0,6.3,Not Placed,0.0
547,24,Female,7.44,EEE,Tier 2,3,4,2,84.75310477752487,82.79701248587466,52.1576965534104,56.66006004442818,0,6,895,61.04751352571756,94.70843125191873,0,55.98385985165633,61.39409849968354,No,5.7,5.5,Placed,11.96
548,23,Male,7.96,Mechanical,Tier 3,0,3,2,61.20120258236189,40.02885520774226,67.65597219112566,43.76287333368025,3,4,724,83.83597432962532,81.31309446555844,0,76.70168146852924,45.18091207657574,Yes,10.0,3.2,Not Placed,0.0
549,23,Male,6.77,ECE,Tier 2,4,2,1,75.59710275926471,64.71927509110087,69.7071868626325,68.06765640650556,1,4,137,62.89918361085362,71.1985126886381,1,31.46166627251371,70.42826255106098,No,6.6,5.8,Not Placed,0.0
550,19,Male,6.59,CSE,Tier 2,1,3,3,69.26513024727114,57.29742316504954,78.20365950499327,46.18380196247568,1,2,877,72.3633497456226,83.96812938924393,0,39.94090017908504,35.15614092922044,No,7.9,2.6,Not Placed,0.0
551,24,Male,5.98,Mechanical,Tier 3,0,3,1,65.42262172439459,83.96814304374072,56.87727914762651,69.80955058196606,0,2,403,74.1329209385921,97.2492147480402,0,88.83392500399395,85.97947317285366,No,6.4,5.8,Not Placed,0.0
552,19,Male,7.44,IT,Tier 1,0,0,3,52.245902825108686,77.3386020220599,64.58967921736887,35.66379212521818,0,2,443,62.16935113473973,73.29976856297831,0,86.15690984760039,59.018329869598176,No,7.1,3.7,Not Placed,0.0
553,20,Female,6.65,EEE,Tier 1,0,6,3,67.57124695699765,42.12843591070381,64.28178177703603,39.73311375174658,0,4,668,75.87344768580876,65.17514903705239,0,53.08944704931787,58.78358868965498,Yes,7.8,2.4,Placed,9.99
554,23,Female,6.58,CSE,Tier 1,1,3,1,97.98402481701766,85.98496904508237,86.66094672435386,71.94509704245199,0,5,726,36.90908308995462,84.75396843294213,0,60.79440726877738,48.48065100015408,No,8.1,4.5,Placed,10.34
555,20,Male,7.07,Mechanical,Tier 1,0,5,3,50.35117835110282,42.77609372350626,52.60021555355149,74.34922818283478,2,5,377,78.89393005087386,100.0,0,53.56995222648368,77.72701934543922,Yes,8.1,3.9,Placed,10.46
556,21,Female,6.44,IT,Tier 1,0,3,2,54.76941698588346,58.56156149554472,54.49423979675096,68.40092965253737,2,5,550,73.80829926069575,82.04455816693662,2,67.51061991727993,31.969888997039195,Yes,7.6,4.5,Not Placed,0.0
557,21,Male,7.65,Mechanical,Tier 2,1,2,0,55.94066109505089,58.847940291903726,78.00859262462563,62.61515612224692,2,1,696,90.0927116275036,88.132584479857,1,80.92908130828158,42.90315169232425,Yes,8.3,2.1,Not Placed,0.0
558,23,Male,8.7,Mechanical,Tier 2,1,4,3,49.08329069611716,63.10652029990126,77.43978578232836,75.0732350200028,1,5,785,74.79521295166714,89.34839708480072,0,67.1198048194924,53.86222516071968,Yes,6.3,5.7,Placed,9.93
559,20,Male,9.06,EEE,Tier 2,1,7,0,91.50135510845864,83.83699462849525,72.01288824782607,54.58060500671606,2,4,560,67.13920167879174,81.77262206226906,0,64.59095326133941,16.99579755350593,No,7.2,2.3,Placed,11.33
560,22,Male,7.2,Civil,Tier 3,1,0,3,76.1428965580969,69.95904953726142,66.18099568620342,75.7581737918696,0,7,165,45.33678171846557,66.80176395334053,0,60.69462819574056,49.544164629643696,No,5.8,3.5,Not Placed,0.0
561,19,Female,7.69,EEE,Tier 2,4,5,1,91.05577058249573,77.49437153554759,65.83755066524844,69.2447443600321,1,5,822,56.69728303445955,90.9157917185624,1,72.06747671139892,54.76034061414416,No,9.5,3.1,Placed,9.01
562,19,Male,7.1,CSE,Tier 3,0,1,2,64.46254848201944,74.34932184311428,57.24179327758367,45.48656812247003,0,4,83,66.54824068417429,81.80668313515415,0,62.073760061589056,58.472558853459645,No,9.7,2.1,Not Placed,0.0
563,22,Female,7.61,Civil,Tier 2,0,2,1,40.534793274229536,73.09618601490732,74.94479102390049,79.26593039700752,0,3,209,75.26319859240112,84.47847988189147,1,100.0,58.16084358208477,No,5.0,5.5,Not Placed,0.0
564,24,Female,7.6,Civil,Tier 2,1,2,1,32.0526889501296,71.24277210166225,55.65473753330903,72.29595408183508,2,2,488,56.984914875246055,99.81171507978168,0,83.0092438679257,55.617895820781776,No,8.5,5.9,Not Placed,0.0
565,22,Female,5.71,IT,Tier 3,1,4,3,80.87131384378175,78.676589124764,67.96844143001839,59.73967860311736,3,1,390,70.951417127804,66.90212695794982,0,59.34619885375762,28.550583351446463,Yes,6.3,2.2,Not Placed,0.0
566,19,Female,7.9,ECE,Tier 3,1,3,1,100.0,65.00290604098511,45.4744262663079,78.26566718738593,2,7,993,62.819060675089744,83.31713144120992,2,70.61988863515163,93.93293296705386,Yes,6.2,2.7,Not Placed,0.0
567,19,Male,7.61,Civil,Tier 2,1,5,1,82.53461678207849,73.02453483509733,65.75684204102468,75.02126852826903,1,4,623,82.20568267042361,89.2125691385895,1,63.74548768578627,29.28522847402421,No,4.7,3.9,Not Placed,0.0
568,21,Male,7.17,CSE,Tier 2,0,4,2,66.44094688253861,43.696451646684494,61.46971158935609,38.951663616205394,1,4,339,75.24107247048647,94.6038342581456,1,82.49760114908486,65.10392693139553,No,8.3,3.3,Not Placed,0.0
569,19,Male,8.08,ECE,Tier 2,2,2,1,64.14175354455844,64.48150213231617,75.66004260497141,78.0102466007362,1,1,772,71.32792289689787,72.93993650922293,0,100.0,68.50562690881608,No,8.4,1.5,Placed,7.52
570,20,Male,9.27,IT,Tier 2,3,2,4,83.44010477776835,77.35315030242425,67.91236450864916,92.35734988537232,3,4,749,88.4269762068013,71.39756188039422,0,67.53524694414759,52.65708159149971,No,5.5,1.8,Placed,15.36
571,24,Male,9.0,Mechanical,Tier 2,2,2,2,70.41788830915391,46.58762178391972,77.31082573846487,61.40372421623602,1,9,466,69.15570029571977,87.02449841005989,0,65.19053429983157,31.20303053639208,Yes,7.3,2.9,Placed,10.62
572,24,Male,9.48,IT,Tier 3,1,4,3,89.63222242130134,74.95794298408579,88.09834683342913,44.14639672685608,2,2,947,80.25726996790105,94.63243910409945,0,76.83962573219922,54.45200274499047,No,7.0,0.8,Placed,12.39
573,20,Female,6.02,Mechanical,Tier 1,2,2,1,64.26790841719072,88.52634065439503,97.91188468496782,65.32998134349472,1,1,841,51.69458852392934,67.8964333314799,0,78.46738076677154,55.80598162437241,No,6.0,4.7,Placed,9.88
574,22,Male,7.75,IT,Tier 3,1,5,3,44.33933119896204,50.31918594923938,43.10051191223626,49.02683605464737,0,4,928,72.75048770551614,88.62045758942686,0,53.826052385876025,74.92187403969199,Yes,4.6,5.4,Placed,4.72
575,19,Male,7.91,ECE,Tier 2,0,4,0,79.03129776010621,62.85042968519633,76.45246097467913,50.450672394015605,1,4,596,74.32064909108689,85.21047390802289,0,58.83507513669626,29.56768680005448,No,9.7,3.0,Placed,7.64
576,20,Male,7.37,CSE,Tier 2,1,1,1,60.1473779502516,47.32534465615733,54.21178530650948,82.42068306373908,1,4,662,92.25055728290911,87.01834198624535,2,26.201550850680256,41.62306050882285,No,8.2,5.1,Not Placed,0.0
577,20,Male,6.63,CSE,Tier 1,1,6,0,83.07386926513969,72.51954449337293,53.605758707868425,46.06574358900032,0,1,781,49.57488874997197,92.77270861081678,0,30.55919140551641,13.785674706234452,Yes,9.6,2.2,Not Placed,0.0
578,19,Female,7.24,CSE,Tier 3,2,3,3,84.30875556175212,72.23030013432903,70.5690466416643,50.67599498233069,0,3,670,58.1303533726928,69.24335436139651,0,75.53899943390279,74.57302720005993,No,7.9,4.9,Placed,8.02
579,21,Male,8.49,Mechanical,Tier 3,2,3,0,29.24542366682516,64.32759590378704,87.71523134620969,77.57858106710519,1,8,492,86.08579602554667,99.43728749843302,0,56.65459742868367,25.703226343125326,No,5.9,2.1,Not Placed,0.0
580,24,Female,8.49,IT,Tier 2,2,4,2,93.88540588477667,71.3912048688865,86.21014569168379,73.94120513253446,0,2,926,75.58006229667876,73.51997209811312,0,85.38718154211503,47.40548223424586,No,8.4,1.7,Placed,14.12
581,22,Male,7.23,ECE,Tier 2,1,2,2,53.88671142536139,36.20331542738711,48.565030959197806,77.37789777415625,0,2,191,50.397335612539706,85.23159258743738,2,59.669029353190695,59.48217964828792,Yes,6.6,0.8,Not Placed,0.0
582,20,Female,8.19,Mechanical,Tier 2,0,2,1,53.0873762384097,70.97194384103858,56.87821435275325,45.56660177597524,0,4,344,77.36369764382687,98.47817532535024,1,52.12143848651805,12.576171823271387,No,10.0,2.7,Not Placed,0.0
583,18,Female,6.68,IT,Tier 2,1,3,1,43.98093343878863,70.7315023371251,74.22292936259612,87.188170354738,1,4,256,69.56457471701344,73.27931313841313,1,16.726994189964906,38.93502883497046,No,6.3,3.4,Not Placed,0.0
584,22,Female,7.81,ECE,Tier 2,0,2,1,73.32699654800327,52.62378980466439,61.5951217868057,56.79129661179515,0,3,184,61.44826752631128,87.50367251636385,0,18.744311941467306,66.23386890252827,Yes,4.4,4.4,Placed,7.52
585,18,Male,8.99,Civil,Tier 2,0,4,4,55.05268064284751,43.250862120978674,51.765191635686826,80.6564018495114,2,4,448,79.60691067564534,80.43907253880508,2,31.70080555682412,65.77319286558995,No,7.8,5.2,Not Placed,0.0
586,22,Male,6.79,CSE,Tier 3,0,4,2,58.04622120828039,76.7633424567595,72.90778465225634,78.06650769788398,1,7,626,83.32769283535367,84.1050765894917,1,85.33576347839022,25.957528553272454,No,7.2,2.3,Not Placed,0.0
587,18,Male,7.72,IT,Tier 3,3,9,3,55.895707084674896,69.32258584956365,74.79547364860682,45.34400066517388,0,1,332,83.50153304174569,90.71308889066736,1,69.01372509958905,46.11439640802998,No,6.7,4.7,Not Placed,0.0
588,19,Male,7.98,ECE,Tier 2,1,2,1,82.0793880290096,51.37314019065072,53.85764036097747,68.2196022255651,1,9,199,78.90863843578573,86.31096720311189,0,86.06778613093155,67.75967141017743,Yes,9.6,2.9,Placed,8.54
589,20,Male,8.34,IT,Tier 2,1,4,2,62.110038379933215,61.69392635320262,63.70955321662874,78.11443906503969,0,2,996,57.75732300518676,73.48036680836263,1,36.40804967584285,62.014261853704106,No,7.7,6.0,Not Placed,0.0
590,19,Male,7.82,IT,Tier 2,1,2,3,60.25004886112454,42.89979204424706,73.12870868723458,62.8335367971664,0,6,373,69.25206091785773,88.48923108880392,2,63.58052502871415,65.57569634266028,No,5.3,3.2,Not Placed,0.0
591,22,Male,7.56,Mechanical,Tier 2,2,2,1,79.6705686797503,65.42822151447173,72.93506936834751,73.91303351600396,1,7,434,83.67497801339155,88.6233562452946,0,77.08519896890868,22.38090003824277,Yes,3.5,5.7,Placed,10.42
592,22,Male,7.82,IT,Tier 2,0,3,1,100.0,88.29265945899107,44.543880509620735,49.47270578122463,1,3,126,74.01515666877896,86.6206425316219,0,69.11873455436877,71.168893640162,No,9.0,1.1,Placed,7.95
593,18,Male,7.52,Mechanical,Tier 2,0,6,2,42.762341422581805,53.61440957011996,66.11770055279122,64.62038657614777,0,4,146,80.663087838797,87.3228742922927,1,67.99183861842904,68.21189899372573,No,10.0,5.6,Not Placed,0.0
594,21,Female,6.13,EEE,Tier 2,0,7,1,32.939131075768,77.65890477350541,62.18599175430207,60.89549483415285,0,5,516,90.8745015431841,84.76540206713574,0,84.20376404036354,51.61640589787245,No,6.7,3.3,Not Placed,0.0
595,18,Female,7.03,CSE,Tier 3,1,2,6,62.7100468872857,61.63631001611683,58.70583360716769,76.0065297763966,3,0,824,65.35897616894772,78.01757558735044,0,65.71865357220392,54.99149661676901,Yes,8.8,5.1,Placed,6.38
596,18,Male,7.38,CSE,Tier 2,3,4,2,66.89512316230483,55.36233345586664,55.902559248235946,46.87570952088275,0,2,888,63.416467174961234,73.57398258049855,0,58.91377602253263,95.50867015257832,Yes,5.0,5.0,Placed,9.45
597,24,Male,7.21,Mechanical,Tier 2,3,3,5,60.92918596154914,85.33180806128826,73.18959709333319,55.0278770870034,1,3,493,88.85731931009322,85.37772614378896,1,72.99799252349635,40.48847326702349,No,6.5,3.2,Placed,7.26
598,18,Female,7.26,Civil,Tier 3,2,1,2,48.538684632695805,64.89283730893833,61.31003070543469,69.19047240945237,1,4,856,50.67770652350188,98.62576892368902,1,19.12929704711359,21.78252761380621,Yes,5.1,2.0,Not Placed,0.0
599,18,Male,8.49,CSE,Tier 3,1,4,2,74.77219382716852,72.84199671616848,64.41067471322404,61.87711314470489,3,4,466,77.42200281887912,84.60212804693394,0,61.93996713294612,55.16280236014513,No,4.0,2.0,Placed,7.81
600,18,Male,7.65,Mechanical,Tier 3,2,1,2,70.31800102296002,67.55914569011854,57.13018613398816,38.0540026210401,1,3,406,65.45452029455465,86.92163503862568,1,82.60059894492666,37.22325125228371,Yes,8.2,6.5,Not Placed,0.0
601,18,Male,8.4,ECE,Tier 2,3,1,1,65.73400651929248,71.32902635497845,52.22968796120914,94.27454880957632,3,2,517,91.87031001905052,84.55913198776882,1,56.6668665763746,28.41830553740112,Yes,6.5,2.4,Placed,9.03
602,23,Female,6.9,ECE,Tier 2,0,2,4,60.75128228996941,36.81166124316147,55.93534648782743,65.54712134902492,0,4,425,74.00995567678633,86.4930650652924,1,34.24572022350963,41.266455470424376,Yes,7.5,7.1,Not Placed,0.0
603,21,Female,4.68,IT,Tier 1,0,6,1,70.07602743805118,71.32777811841224,44.25358011017899,74.33952131003977,2,5,267,100.0,83.40569991199193,1,67.11342786372366,45.05464266293932,Yes,5.9,4.5,Not Placed,0.0
604,20,Male,6.48,IT,Tier 2,1,4,2,53.96038627562326,74.55117211496199,72.94793118555052,80.55449102129188,2,2,806,69.65874655540294,95.33233556914028,0,60.58044247421706,59.95713739361881,No,8.1,3.3,Placed,9.11
605,24,Female,7.78,CSE,Tier 3,2,1,1,50.88550489968556,66.94342286724354,79.2314429681313,60.18387169439763,1,4,670,64.77088319668556,93.27709652013074,0,27.360100127776946,63.12743708533441,No,7.4,5.1,Placed,4.69
606,24,Male,7.97,CSE,Tier 2,1,5,2,80.39563202128508,76.49750806277795,88.90228685323365,54.71594321318437,0,2,584,70.45575789786619,95.19698820054089,0,74.05945062080993,77.30340879363013,No,8.2,5.6,Placed,12.68
607,19,Male,6.89,Mechanical,Tier 2,1,1,0,84.84288610735857,71.68200632792323,50.772209636528615,55.4367583519156,0,4,994,73.81762499582483,79.72926097363897,0,24.57376877024437,60.03913622345407,No,8.8,5.9,Not Placed,0.0
608,20,Female,7.58,CSE,Tier 3,1,1,3,82.05880028630564,32.69032638666355,64.65607622610071,44.32483533042523,3,3,324,80.0534600167698,65.6867211006911,3,40.36530832645943,7.991671267287899,Yes,6.4,4.5,Not Placed,0.0
609,24,Female,6.63,CSE,Tier 3,4,0,1,56.620160433075405,47.21714350133791,73.43643307062462,58.51910496573953,2,4,465,70.89314851371421,77.70123512184028,0,23.172350865227067,50.55496736350888,No,8.6,4.5,Not Placed,0.0
610,20,Male,7.41,IT,Tier 2,1,7,2,71.4515771076271,48.30463539613561,64.8102567435866,56.62091371820178,0,3,837,72.50527909512911,92.95767367809736,1,46.92691977854739,32.614962639739886,No,9.2,0.5,Not Placed,0.0
611,20,Female,7.91,CSE,Tier 3,0,1,1,71.64984880486615,65.17150203135085,85.79352382050845,71.35515484348439,1,6,943,100.0,80.81863906393755,1,96.2188543886426,32.57901971714725,Yes,9.1,7.9,Not Placed,0.0
612,18,Male,7.94,ECE,Tier 1,2,1,4,67.50192570658737,47.16643010318055,56.21274926721303,83.48098920430266,1,4,422,70.85832584870163,88.91177056757941,0,88.51733814843489,30.67425706802598,No,8.5,2.3,Placed,11.45
613,21,Male,7.1,CSE,Tier 3,0,2,3,96.81608537331316,84.9868439203361,54.43070193863525,65.73858908718081,1,3,995,74.18418084375324,90.7097043306718,4,75.92420896667024,51.943383589616296,No,5.1,3.4,Not Placed,0.0
614,20,Female,6.39,Mechanical,Tier 2,2,2,1,50.631927188386,55.34341344518976,78.43146884556995,78.0771946551889,0,6,711,56.641441630032034,67.86525698775004,0,44.16678376847267,50.72774122304355,No,7.6,5.5,Not Placed,0.0
615,20,Female,7.96,Civil,Tier 1,1,1,2,95.0487458532073,51.90050815415735,72.92091784960074,64.58666975292769,0,5,243,67.86064272531203,73.19169216421658,0,68.47965262746592,55.88807937079274,Yes,5.1,0.9,Placed,14.22
616,24,Male,6.99,Civil,Tier 2,2,1,0,76.18576582777486,54.73680568262415,55.520066847511,76.34150835281092,0,4,80,59.2151429550458,74.40689940039675,0,100.0,61.43003599949884,Yes,8.6,6.1,Placed,7.4
617,24,Male,7.89,CSE,Tier 3,0,2,3,73.60951797989054,45.19489485566128,58.37500884262873,64.72672386119473,0,1,434,71.65887729484902,92.9481924223514,0,83.64508135628533,79.4386702810265,No,5.7,6.5,Not Placed,0.0
618,21,Male,8.26,Mechanical,Tier 2,0,3,1,70.01333240930666,81.11845449547974,47.10243318074647,55.75476662401189,1,4,246,57.0122889681609,77.59729893396934,1,67.61783175142737,43.26344225670327,Yes,9.3,2.8,Not Placed,0.0
619,23,Male,7.71,CSE,Tier 2,2,3,2,80.55816707819496,77.01569148667089,53.71608617135843,80.9594794097506,1,7,795,73.05551809856586,92.92608821390532,2,61.07545920723641,11.944150814092922,No,6.6,6.0,Not Placed,0.0
620,22,Male,7.56,IT,Tier 3,2,2,1,75.74444838025133,83.33459402577984,70.08749851292163,66.23862975588365,1,3,312,65.51779922568093,84.70223220567742,0,61.74081458747107,69.99011266186992,No,6.4,4.0,Placed,6.99
621,23,Female,7.58,EEE,Tier 3,5,1,3,52.55007311564909,62.89487880911536,52.999668417876336,62.585512268495805,2,4,376,87.8162403736523,69.24109148735675,0,41.42601349315277,61.3061975173444,No,7.4,2.0,Placed,6.31
622,20,Female,6.32,Mechanical,Tier 3,2,4,2,60.57269473815017,53.1792811933186,72.05960440319753,72.41089629111337,0,6,124,77.27944495146093,76.24231105509323,1,73.2046619798657,43.92833777775223,No,10.0,5.0,Not Placed,0.0
623,20,Male,7.33,EEE,Tier 3,0,4,1,69.00294664897231,65.01721556396691,73.90087108039327,79.66440874474749,0,2,446,67.72101168966768,75.73158342747885,0,61.79038014369832,60.74185770404414,No,6.2,1.2,Placed,6.12
624,24,Female,6.6,CSE,Tier 1,2,6,2,35.91828444778399,78.81975880569979,62.323079724340246,51.9376104722073,2,2,847,60.16578162525942,93.59579503380732,0,72.6702719628394,62.46137790890384,Yes,4.7,3.0,Placed,12.03
625,22,Female,7.22,Civil,Tier 2,0,1,3,89.96113453877338,84.19115098319347,87.92219337887633,33.559121790773176,1,2,674,50.93272920256146,87.74844793121899,0,39.21467783415943,74.88270725425541,No,6.7,5.1,Placed,7.99
626,21,Female,6.69,CSE,Tier 3,1,3,2,87.69263484113642,73.4837838529983,68.24441473363986,79.58989452315528,0,7,602,77.32126219322342,82.10529164052718,0,71.22823088736811,74.7933297803058,No,7.3,3.7,Placed,6.31
627,20,Female,9.04,IT,Tier 1,2,3,3,54.94702202166387,47.021152861947655,48.55256560059499,49.03735480481058,0,3,406,55.407248369903215,88.92712594166106,1,45.37442429680474,27.62281963354085,No,5.6,4.9,Not Placed,0.0
628,23,Female,8.81,ECE,Tier 2,1,2,2,73.77057798727994,87.62709961629848,50.6403188085361,70.44677442691523,0,4,630,53.07001848853503,78.94884498400755,0,33.89867795878053,35.81530340122691,Yes,8.6,4.7,Placed,8.32
629,18,Male,6.19,IT,Tier 3,1,3,3,41.21160023271767,47.462230159634544,80.35920929192419,74.9434269684011,1,2,853,61.11600789978856,79.72660143974747,0,48.182699242516094,28.44664747495136,No,4.5,5.2,Not Placed,0.0
630,18,Female,8.01,Mechanical,Tier 3,2,0,2,81.28838120169266,48.25355485758042,71.65270631987761,36.86198374709556,0,1,892,83.95000170923535,95.66453458707092,1,58.79379669778886,57.80285068282608,No,4.1,2.7,Not Placed,0.0
631,24,Male,7.8,IT,Tier 3,2,4,1,72.93812107168152,86.05029490795624,64.85852518169102,70.46010456650976,1,6,55,68.07064308406505,93.7954068197094,0,70.4847501499058,20.17171127960884,No,5.1,6.0,Placed,5.72
632,22,Male,7.87,CSE,Tier 2,3,3,2,79.78475723615614,39.04233243872494,86.29212490023482,53.94261350219718,1,3,685,73.90060400912215,76.13643173515743,0,39.74685167839348,84.07571350289818,No,8.4,0.6,Placed,12.73
633,24,Female,7.48,Mechanical,Tier 1,3,2,4,59.070642046771766,65.5817570950362,83.42868993604868,58.86931295536345,3,1,666,85.23712539396422,95.6166215209241,0,49.61110960324199,62.22577567258281,No,5.5,2.8,Placed,13.48
634,20,Female,8.41,CSE,Tier 1,0,5,4,78.81427661447182,57.95483581661883,87.21349244874055,62.36788980999236,1,5,817,72.65740760986002,80.24920618968574,0,83.5286969184449,62.0925017125779,No,5.7,4.9,Placed,12.42
635,22,Male,7.99,EEE,Tier 1,0,4,4,83.66055083682421,82.41688993502278,55.987723028916704,80.05981157896316,0,3,962,83.53988502733085,74.39210680190281,0,78.90431264854786,62.89490582314439,No,6.0,3.3,Placed,11.61
636,24,Female,7.42,CSE,Tier 3,1,2,0,79.99778302638275,88.98094235935109,72.00455694657806,82.71756046746216,3,3,868,71.09629784868494,99.34890905950311,0,67.78923194970312,85.2702129372109,Yes,6.3,3.6,Placed,5.49
637,23,Female,8.15,IT,Tier 3,2,3,2,67.6406664069181,98.32750270787534,68.1286672845863,60.39254791436641,0,8,64,72.76833058610714,88.89609133118881,0,47.09627600977301,67.91373809348875,Yes,6.4,3.2,Placed,9.82
638,20,Male,8.17,Civil,Tier 2,1,2,4,62.57588300290296,49.01481761262348,54.25790509661522,65.94264736737573,2,5,883,79.31102154738443,77.77838501216767,1,100.0,71.13968917986007,Yes,6.1,2.7,Not Placed,0.0
639,18,Female,9.01,IT,Tier 2,3,7,3,72.17068701104617,70.0740091662085,53.94919609922011,87.3085880530422,0,7,562,81.19586508471808,98.46579659850988,1,69.34672215778859,67.8954781677291,No,6.8,2.7,Placed,9.71
640,22,Male,6.62,CSE,Tier 2,1,2,3,72.0394264696088,62.28157580933767,97.6802260245689,51.24700241295539,0,2,424,80.93739826896325,78.30961527261493,0,70.8763264919882,36.90490744702963,No,3.2,1.6,Not Placed,0.0
641,18,Female,6.88,IT,Tier 2,1,1,2,100.0,44.781333185168734,83.36287757367468,48.38741851293413,3,5,70,64.64579281166064,82.62724482198529,0,34.02827845505378,91.6835754155722,No,6.9,4.3,Placed,7.55
642,24,Male,6.66,Civil,Tier 3,4,1,2,46.28156876847203,71.23914685475248,98.0692332872351,37.6142606941147,1,2,704,79.01805336863674,89.0191449854518,2,59.699951369245504,62.68676732797505,Yes,6.4,2.1,Not Placed,0.0
643,24,Female,7.79,IT,Tier 3,2,3,2,53.214881953336246,72.5452745764915,83.02534427897314,48.51549277770849,2,4,720,80.44621256784284,98.2041507725631,2,67.7923403895207,39.57645383739141,Yes,6.6,4.4,Not Placed,0.0
644,24,Male,7.77,CSE,Tier 1,0,2,2,80.36967465269925,60.14317643345881,58.88312681671872,66.30445689266645,0,7,634,80.84360273895103,85.49544962586727,1,30.881170962310843,32.75350418952725,No,7.5,4.0,Not Placed,0.0
645,24,Male,6.76,IT,Tier 3,1,5,2,85.23285882414257,100.0,83.16263615185242,55.60761557166505,3,5,816,67.3018948271561,73.7732763827125,0,79.7067994771504,61.51694848107911,Yes,4.7,1.5,Placed,8.68
646,23,Male,8.16,IT,Tier 2,4,4,4,55.85794732961038,83.46404521330311,56.99096888186507,82.95819006560156,1,5,488,71.23126618935163,74.2526149120803,1,80.24498995313984,44.35967209461421,No,6.3,1.4,Placed,8.46
647,18,Male,8.42,EEE,Tier 1,3,7,1,94.18428375512272,62.02416292815189,68.83231752343083,75.7061053335902,2,4,373,71.05709132926147,75.77731033867309,0,45.80412689119243,61.21694244382764,No,8.8,3.9,Placed,13.27
648,21,Male,7.77,IT,Tier 2,0,4,2,78.27745259940046,85.84491674764453,64.76269568312146,49.092586050584686,2,3,954,57.23033984956017,83.91371292721625,0,85.1204670633413,29.43657999161943,No,6.6,2.5,Placed,7.67
649,23,Male,5.13,ECE,Tier 2,2,1,1,64.40388531966724,54.92039142250686,78.59920918432458,78.47326630157771,0,2,59,69.06136389421785,78.53548501925609,2,61.332832564388525,8.110715040920383,No,5.1,2.2,Not Placed,0.0
650,20,Male,7.64,IT,Tier 2,1,5,1,52.72698586708013,73.24644777584476,86.1863580987955,91.09052065746532,0,5,345,84.9835376626447,84.77487802391488,0,35.35582064819427,16.36246097840324,Yes,5.6,4.7,Placed,9.82
651,24,Female,8.97,Mechanical,Tier 2,1,4,1,59.96633110652742,66.71687162915698,54.922014014608784,40.87166725538825,0,4,994,57.55475346206352,85.13054867285207,0,73.13408985530035,48.56959555059831,No,7.3,3.6,Placed,9.59
652,18,Female,6.15,Civil,Tier 2,2,0,4,84.7157741186711,67.7027368673875,69.87467085046084,66.93072786914597,0,3,402,73.94473975324071,71.08084036320247,0,70.02256194908708,67.28164876848905,No,8.0,3.4,Placed,9.2
653,21,Male,8.0,ECE,Tier 3,1,1,2,52.93670019677788,51.55620025025878,80.9059661989166,77.30875070062692,1,8,668,80.02026101129935,100.0,1,65.75896722634901,91.04789394194697,No,6.6,5.6,Not Placed,0.0
654,23,Male,8.97,ECE,Tier 3,0,5,2,77.5243979963542,38.22205865106574,67.01865523935246,80.2116637183697,0,6,72,70.46349791770548,98.19018317114345,0,72.91601657588839,40.0727747211198,No,9.4,4.7,Placed,5.27
655,22,Male,7.51,Mechanical,Tier 2,2,1,2,84.42842108622857,54.903877177111895,81.82158862351763,78.5096516772663,0,7,139,71.0459850586006,81.75256682142086,0,38.54581353269323,86.80164994130388,No,6.9,2.1,Placed,12.57
656,22,Female,7.3,ECE,Tier 2,1,0,3,67.95214849946132,70.54504139806406,54.33097186528014,95.86456884540505,1,3,326,81.75295949084769,65.41584689903613,0,58.04634022046372,74.53855889882769,No,6.6,3.4,Placed,8.24
657,21,Female,8.76,Mechanical,Tier 1,4,1,3,93.84591657456158,68.85219438365189,56.37147827595594,81.29812472477738,4,4,112,73.0654541084783,100.0,0,84.10495250969716,50.54092976742499,No,7.6,3.8,Placed,16.63
658,22,Female,7.83,IT,Tier 2,0,3,3,74.01328246833393,60.47834841467656,69.40981263225386,62.442496633800666,0,2,519,83.93821427430893,84.15910762747923,0,79.53711958358194,81.50137042859242,Yes,5.0,2.7,Placed,8.83
659,23,Male,8.55,CSE,Tier 1,4,1,3,72.26098355469634,65.38696994480384,75.14163726081473,60.89106652017044,1,4,658,73.13395398717807,89.32459568177111,0,46.55055567626331,100.0,No,5.1,4.3,Placed,14.81
660,21,Male,8.4,CSE,Tier 3,0,3,1,81.15848778060007,58.23962696904504,69.59413318581447,70.73750686937221,1,1,615,82.08882966985125,86.02136683439191,1,29.6970901467542,66.09747254156659,No,6.8,3.7,Not Placed,0.0
661,19,Female,6.37,Civil,Tier 3,2,5,3,74.67707827207172,47.57516985986874,59.771035556555816,77.21821367733133,1,3,336,69.61790539724001,87.15293516377602,3,60.81253778698414,42.97739845056143,No,6.1,4.3,Not Placed,0.0
662,18,Male,7.31,CSE,Tier 1,2,4,4,81.62964236107008,49.35079038704345,35.91498860975931,85.19268105605484,0,4,538,58.734349711072014,64.88595151130133,2,47.24129070934852,90.02488764500232,No,9.4,3.2,Not Placed,0.0
663,19,Male,8.31,IT,Tier 3,2,0,0,74.30346331082139,60.68786613251044,75.5503089710612,70.93578295275918,3,5,81,70.22140691704844,94.77106060938634,1,83.55862331929711,21.104327622460907,No,7.8,4.1,Not Placed,0.0
664,20,Female,7.4,ECE,Tier 2,1,2,3,68.83625714613736,62.12491877452384,60.541574973965005,72.22535410800604,0,2,410,80.34979819402892,89.4075142002193,0,89.4972914293568,65.9728942204142,Yes,8.4,3.7,Placed,8.18
665,21,Female,7.31,CSE,Tier 1,1,1,2,63.68880725249884,84.87398266626764,60.64100604727898,78.29228378781661,0,4,686,53.48938486245699,83.05416299548696,0,40.81760254904157,52.43125414529536,Yes,5.7,3.3,Not Placed,0.0
666,24,Male,8.36,CSE,Tier 2,3,2,3,65.90343452147188,83.86576935562252,66.61952492135715,89.28404763517736,0,6,830,63.91043867185057,87.06413299227357,0,32.165658316598446,74.3323597613913,No,7.2,4.1,Placed,12.13
667,23,Female,7.91,Civil,Tier 1,1,1,2,73.98724281614165,82.7728495341461,56.360257945821495,80.18129451963036,2,4,695,55.257700775764114,72.582573285941,0,56.27198004944413,100.0,No,7.7,5.0,Placed,11.06
668,19,Male,7.22,CSE,Tier 1,2,4,0,65.85320648109087,72.28975732254682,48.60044910632486,59.18724482294897,1,3,368,52.51413133949131,54.03863174310987,0,89.34212876287158,49.07565511331912,No,4.7,5.7,Not Placed,0.0
669,23,Female,6.94,EEE,Tier 3,3,4,4,73.83217317461393,67.74286694304465,63.88773279816972,40.91022821039261,0,3,612,83.80702004194814,70.28065626335133,0,68.00307588073663,47.35758160368038,No,4.8,3.8,Placed,5.05
670,19,Male,8.39,ECE,Tier 1,1,3,1,60.552863521007296,60.222313927120815,42.96073207030417,91.4134019426003,2,5,597,52.916116572070536,67.51901668944507,0,76.7899030744059,78.69221335372109,Yes,8.1,3.2,Placed,12.66
671,20,Male,9.69,CSE,Tier 2,2,3,1,65.67949149070358,65.81743037532127,62.15775281790587,78.10311383475928,2,6,385,41.66059850719756,96.75333245548556,0,69.59290051395233,62.057140357840126,Yes,9.1,3.0,Placed,12.64
672,18,Male,8.25,Civil,Tier 1,2,3,1,82.80290597806061,47.83290292271329,89.52471333355315,62.56126512670487,2,3,181,83.8671038764581,89.64700327794809,1,53.043438198154654,31.81352837848792,Yes,8.2,2.0,Not Placed,0.0
673,24,Male,6.61,CSE,Tier 1,3,4,2,58.65597907525015,60.6240983709366,84.03230072190368,61.302655107679406,0,3,433,50.35159437820575,96.67550329680766,1,38.52444047749918,38.64684618716197,No,6.4,3.4,Not Placed,0.0
674,24,Male,8.72,ECE,Tier 2,2,6,2,71.10889739678989,77.88223457276115,68.78657342433841,61.39340538024817,1,8,292,76.41844984891927,68.5853496814447,0,90.1067373870577,96.0838577807523,Yes,5.6,1.5,Placed,13.66
675,24,Male,8.99,IT,Tier 3,0,3,1,70.80963110658249,97.45852976999387,57.86202915684052,72.66316840860188,2,6,526,73.22473860998642,80.73667454043515,0,100.0,73.33860382219386,Yes,7.9,1.3,Placed,6.69
676,23,Male,5.01,CSE,Tier 3,2,3,4,73.8363153077152,46.65574442894781,56.40151547497767,71.60842597931989,0,2,50,68.30591070012824,90.37069192817415,2,70.8935720787259,82.36366816406807,Yes,8.8,4.8,Not Placed,0.0
677,22,Male,7.44,ECE,Tier 2,1,3,6,71.5919696413053,84.03866411310463,76.72946699233535,89.56594257563881,1,2,139,60.328966713748784,69.83475149065097,1,88.30460579535722,50.33457142772303,Yes,7.4,6.4,Not Placed,0.0
678,20,Female,5.87,IT,Tier 3,2,2,1,69.76414363271049,72.47557650830629,54.08535112843188,80.48758343043356,2,1,842,93.1194994991702,84.13886127341777,0,62.70350677145002,10.862935629379791,No,8.3,2.8,Not Placed,0.0
679,18,Female,6.9,ECE,Tier 3,1,1,2,42.00527586436078,56.22519882803888,43.826913807901846,73.18444978803966,2,5,809,63.52683543810274,68.46627339877863,0,44.923327587059326,63.34922957471963,No,10.0,3.7,Not Placed,0.0
680,24,Male,8.44,IT,Tier 2,1,3,0,81.27537068403598,73.15864883470704,64.21284308246601,57.52611193735187,1,4,546,68.17052549709733,79.46938974084,1,60.41014868792145,70.95496569267283,Yes,8.6,3.2,Placed,6.96
681,23,Female,7.55,IT,Tier 3,0,4,5,81.9684570225049,49.89289035258799,80.04391165815413,80.97797942915017,1,7,387,65.89684274673431,82.2701717761357,0,62.86082665239528,25.700563385206365,No,7.3,3.2,Placed,6.54
682,23,Male,7.37,ECE,Tier 2,1,1,2,79.21097577395551,59.39543094591521,77.71543418295141,88.07111458855167,2,3,226,68.68678875097712,84.45513382790756,0,100.0,39.58041966189116,Yes,6.1,3.3,Placed,7.7
683,21,Male,6.39,ECE,Tier 3,2,3,3,55.75731710631813,88.79812497533796,69.53064910083864,55.82285206185885,1,3,341,65.259612822584,78.99043024352827,0,100.0,77.12306556237282,No,7.3,3.8,Placed,5.75
684,22,Female,7.7,CSE,Tier 2,1,5,0,63.04666311445641,63.47462361200508,85.38848185844577,58.05420837943863,1,6,961,56.04407069770234,79.34972574732471,0,73.62927188596227,49.15737026738845,Yes,6.1,3.0,Placed,8.7
685,24,Male,6.31,IT,Tier 1,1,0,1,74.81336400824591,71.95223525035507,71.82908276198116,81.22656355518917,1,3,766,70.05017739403863,100.0,0,52.13783527802998,73.05904991085151,Yes,8.5,5.7,Not Placed,0.0
686,24,Female,6.63,CSE,Tier 2,2,3,2,78.0962449195581,71.70842792642243,60.291569383427095,93.47579791726469,1,4,779,73.08146628021468,100.0,1,65.37995790336859,43.614950868835365,Yes,7.8,4.7,Placed,7.12
687,24,Female,8.75,ECE,Tier 1,1,2,2,72.45659395450262,95.65820450880094,74.28549586769776,76.38131911280418,1,7,840,72.39586313786525,79.58660046001206,0,32.11647246512233,55.57796319475074,Yes,4.7,1.0,Placed,13.18
688,22,Female,8.24,CSE,Tier 2,2,1,0,62.36371247079567,79.02236110116077,78.45093827900236,54.69552271344249,0,3,664,71.68471089874552,91.52155769792992,0,34.710210759322166,58.92513630484847,No,8.5,1.2,Placed,7.1
689,23,Male,7.69,ECE,Tier 3,1,2,3,65.06147114327618,80.64364253123519,70.41112597267629,79.47497316833969,1,3,921,74.71180840002087,83.44471354283006,0,66.51521111372425,100.0,No,9.3,3.1,Placed,8.0
690,19,Male,6.73,CSE,Tier 2,3,2,2,98.03557127942928,65.85415284060844,42.387057035785006,66.64721240501162,1,5,185,88.55702118122579,86.96793084776313,0,76.777509411002,74.84362195652636,No,9.6,3.2,Placed,12.23
691,23,Male,6.92,IT,Tier 2,1,2,1,60.02028542994194,94.26450421026246,62.71280629332389,77.86611124517114,0,3,695,73.8172337311628,90.83425792375895,0,58.78215266020763,41.90014806802302,No,6.8,4.7,Not Placed,0.0
692,18,Female,7.57,Mechanical,Tier 3,1,0,1,78.3606590265838,74.33319679922097,66.54181132211694,58.51678123598057,0,6,895,59.00105790248597,82.51259853478122,0,55.0987257214386,68.39594370392005,Yes,8.2,4.7,Placed,5.5
693,23,Female,8.84,CSE,Tier 1,1,4,1,79.41328158844337,40.48548923483232,50.6967352377994,52.146431254125375,1,6,475,33.29686920202244,96.78389893001768,1,86.45154785674231,60.88189690686232,Yes,7.3,1.8,Not Placed,0.0
694,24,Male,7.41,Mechanical,Tier 3,0,2,3,52.99181148309557,76.65062724493897,66.55944004027066,71.2095732080643,1,1,985,74.09641344126108,100.0,0,44.11101675621772,36.85764612546872,No,7.9,0.5,Not Placed,0.0
695,21,Male,7.33,Mechanical,Tier 1,1,5,5,56.000192580596206,70.62235195188683,66.02772172505232,72.82997369664317,0,4,408,59.4384118139712,69.76591266442456,0,62.47608001958149,62.24444264287242,No,3.0,3.2,Placed,11.51
696,20,Female,9.54,EEE,Tier 1,1,3,4,58.63248760518931,46.38273053790948,45.89937884367045,49.27289620924633,2,5,288,85.11965982313014,84.73486724491889,1,40.50365555719556,33.20249086378051,Yes,8.1,5.8,Not Placed,0.0
697,18,Male,9.39,EEE,Tier 2,1,3,3,92.7861603758371,35.73937644731953,75.21085601104669,68.58587650017789,1,3,365,73.03197155677938,81.80033418463604,0,51.70725941724692,61.70416820886947,Yes,6.7,2.3,Placed,11.95
698,24,Male,6.56,Mechanical,Tier 2,0,7,1,90.51373993848432,64.43870845614977,65.54361285575702,72.59081578327975,1,4,424,60.51512292483454,97.29165522943708,1,42.624658802753785,65.66665960401725,No,5.0,2.6,Not Placed,0.0
699,21,Male,8.01,EEE,Tier 2,2,4,3,71.56152627603518,42.11959857442505,65.35583110731602,48.96425707906603,0,4,436,59.98627706929826,82.42074484136077,0,26.79674991846828,56.9873185504096,No,9.1,4.3,Placed,9.6
700,20,Female,7.77,Mechanical,Tier 1,0,3,4,58.64614920020541,88.93541470748204,71.94590491908185,89.8560749869981,0,1,421,100.0,97.580287064517,0,80.70263271482784,25.89340152964564,Yes,8.6,4.6,Placed,11.75
701,20,Male,8.38,ECE,Tier 1,1,0,2,84.92277060747915,61.21186670635792,75.70517554425021,95.43860354568874,2,6,803,69.16712821499421,92.47403414220288,0,30.09404430868216,0.0,Yes,7.2,2.5,Placed,10.86
702,23,Female,8.82,Civil,Tier 2,1,4,2,82.76255719606283,55.155440128737936,99.76390085128104,39.02261688749512,1,4,658,50.87057916040642,95.8478519085928,0,60.18902981000705,60.20933178256684,No,6.1,1.7,Placed,10.67
703,22,Male,8.42,ECE,Tier 2,4,4,5,79.9014779106308,59.25668041597821,65.50318635306735,62.76476689002654,0,3,676,76.73110990814463,95.87305400582903,0,60.005217278880906,30.371619078919444,Yes,6.2,2.8,Placed,11.92
704,18,Female,8.84,Mechanical,Tier 2,3,3,0,71.61432350114704,91.54407330840468,75.64630545046707,91.64044211643548,1,1,216,65.21296074972314,88.72760574893223,0,78.1674195543358,65.50859986118586,No,4.7,3.6,Placed,11.11
705,23,Female,7.86,Mechanical,Tier 2,3,3,0,85.01216990452757,75.88284666121181,46.09579058394745,61.62889767572961,1,7,411,67.3521608495325,92.65171808506754,0,53.353369852142364,28.11955351879437,No,7.9,2.8,Placed,8.51
706,21,Male,8.27,Mechanical,Tier 1,1,3,1,95.4519895076609,62.93225396346404,69.58072491632254,82.44097766303054,0,1,140,77.1491016234369,85.75656727681422,1,83.38063845100118,37.90559539387969,Yes,7.5,4.5,Placed,9.84
707,20,Male,7.2,IT,Tier 2,1,3,1,84.29187050284385,82.01457504681382,84.23624937293782,71.77388107029243,4,3,264,80.77390722674545,82.47942882326275,2,100.0,33.257301748313125,Yes,4.6,0.5,Not Placed,0.0
708,19,Female,8.82,IT,Tier 1,3,3,4,58.26268441220377,58.37058630662133,89.5638631318105,73.65240418344047,0,4,242,68.07019601375406,88.87880628460995,1,28.789768660371635,49.649328083995954,Yes,7.2,2.0,Placed,12.64
709,23,Female,7.71,CSE,Tier 2,0,4,0,68.76785249688594,84.61175607931965,57.35778488984933,97.04251638042533,1,3,86,68.80731342538327,82.22170197142663,0,46.44814868911851,61.32099968588621,No,5.2,2.8,Not Placed,0.0
710,24,Male,6.72,Mechanical,Tier 2,4,1,0,63.92007279016141,48.88693819439968,67.62142776002395,91.95141452467487,1,5,266,55.3418940762313,69.58497945597667,0,49.07337401847634,24.344270326285123,Yes,6.1,4.0,Placed,8.99
711,21,Male,5.89,Civil,Tier 1,1,3,2,77.89855897123167,49.29326717525999,48.48811287827601,63.628273025135705,1,6,525,83.87630688556247,80.40861670188661,0,63.57563520696138,91.83546287405932,Yes,7.9,3.8,Not Placed,0.0
712,18,Female,7.05,CSE,Tier 3,0,2,0,100.0,100.0,90.53259674248132,76.18393412848846,0,2,633,65.40893330329428,76.78682926288954,0,90.77421545151648,46.13270441207074,Yes,8.4,5.8,Placed,5.58
713,24,Male,7.21,EEE,Tier 2,2,2,3,59.01065780000808,64.61087999840116,88.7724558873388,74.85808175122335,1,4,595,57.88753517346066,87.59111285114643,2,50.736704756643576,82.27060030158803,No,6.6,1.2,Not Placed,0.0
714,21,Female,6.74,Mechanical,Tier 1,2,3,3,52.88699458211002,34.358723751367464,69.80993552482971,39.85083211107545,0,4,388,69.0209654631321,85.56409539289871,0,51.98244579738611,61.636137220617925,Yes,7.5,4.8,Placed,9.63
715,22,Male,9.37,IT,Tier 3,2,2,3,95.39141353093648,46.69922335377572,74.67655528989184,100.0,0,3,245,65.80291103212942,85.67887797882668,1,73.26537967641936,75.20554699942181,Yes,5.7,1.5,Placed,7.1
716,18,Male,8.18,CSE,Tier 2,2,4,3,68.98975013658627,93.67036390414434,83.60082920804103,40.35520373806386,3,4,814,62.95386625063326,92.54399377880436,1,53.69598701722455,56.18340230812797,Yes,6.0,6.3,Placed,9.64
717,23,Male,9.33,Mechanical,Tier 2,2,1,0,87.2373982504876,69.47778527011937,61.156719614196405,50.25990697705055,0,3,548,52.346796342411295,92.675489366742,0,73.2970650949384,81.35789979976012,Yes,6.1,4.1,Placed,9.9
718,20,Male,6.68,CSE,Tier 3,2,3,3,72.66522139707725,81.47263876674144,82.97277445877631,84.28827365933404,1,5,458,72.87429287921574,70.62210612234728,0,50.33843215769664,36.59467296590898,Yes,7.4,2.9,Placed,8.22
719,24,Male,8.24,ECE,Tier 1,0,2,1,68.08117109632796,53.48826085013352,60.1270597028109,90.6415674075106,0,3,528,87.54574945996623,64.6876494989481,0,76.23914347954522,62.720251313906445,No,9.3,3.7,Not Placed,0.0
720,24,Male,6.82,EEE,Tier 2,2,2,2,70.21606158050582,58.14766669497168,46.11490760252183,59.38434761427813,1,4,655,44.43206196628354,78.59477589399931,0,87.49516463964554,43.74582745915404,No,7.2,3.9,Not Placed,0.0
721,20,Female,7.6,CSE,Tier 3,4,2,2,82.45537513393514,75.52815135887668,54.10093795580698,71.95398679234283,0,1,225,87.99536019939299,93.59244797316026,0,48.13804461200337,45.98238636950255,No,7.3,5.5,Placed,8.74
722,24,Male,8.64,CSE,Tier 1,0,1,0,62.06510600222799,93.5495973195223,100.0,60.79531763157322,2,4,272,59.2328122860128,76.44179980538483,1,77.24892186199392,86.21501425449284,No,7.4,1.5,Not Placed,0.0
723,24,Male,8.7,IT,Tier 1,1,1,1,90.68916192952877,56.9271440888145,77.19040247610336,66.26416614535404,0,4,459,83.15532853801022,98.3427977766525,0,56.6449499008892,49.62734425011503,No,6.4,3.1,Placed,10.1
724,21,Male,7.69,CSE,Tier 3,0,5,1,83.7171262100249,71.81792667785433,54.54450091267427,75.9601662507464,2,5,308,85.55934428437465,75.51841068848515,1,39.34538278868093,55.20135298827893,Yes,6.8,4.8,Not Placed,0.0
725,21,Male,8.08,ECE,Tier 2,2,4,2,97.8702648446713,70.24880718242065,76.4144818964981,90.36380102132016,2,2,781,78.35311170859336,54.86425644206322,0,56.05827512228114,71.36799125617426,Yes,5.9,3.6,Placed,10.4
726,22,Male,7.39,Mechanical,Tier 3,0,1,4,74.1652475153841,83.4278012687089,75.15077538177665,89.3637826061015,1,3,409,78.17710962535102,96.81595531266528,2,54.22482521795041,47.77580491621164,No,8.3,2.8,Not Placed,0.0
727,24,Male,6.84,IT,Tier 3,1,4,0,66.71771645933487,62.739032681107325,69.18791688688441,67.53020423742544,0,3,177,57.27779269516075,85.14896600395369,0,73.93953639939133,100.0,Yes,8.7,1.1,Placed,4.54
728,19,Male,9.08,Civil,Tier 2,0,3,3,63.9530814043838,51.25452922588312,74.62756018032192,78.23481771978248,0,6,454,69.10638531453077,89.2772046207477,1,58.986277506172826,49.05907507552525,No,9.4,0.5,Not Placed,0.0
729,18,Male,8.65,Civil,Tier 3,2,3,1,71.90114523843467,54.80093609897523,50.15611495796503,68.2346152709234,0,4,287,76.53320704312114,76.28773532921294,0,88.14939398755124,40.88895531738825,No,6.7,6.1,Placed,6.54
730,20,Male,8.34,CSE,Tier 3,2,1,4,50.73038352427744,39.89937036662593,88.56223977572294,47.6721694109781,1,5,845,77.03586218216606,77.7700948489659,0,76.46316757188494,34.2874425061916,No,8.3,1.0,Placed,4.73
731,23,Female,6.85,Mechanical,Tier 1,3,3,0,91.3400105460679,82.5545321018089,44.53680399504256,35.31221548014731,3,5,405,86.14785995168886,82.75128183020155,0,53.999984429580834,48.42053167224918,Yes,4.1,0.8,Placed,13.84
732,19,Male,8.6,IT,Tier 1,1,1,3,81.40731306434155,49.52989497705928,48.728994512649706,41.2224408566738,0,4,698,39.95166108572445,99.34384290624077,0,64.042000426371,57.137627592535296,Yes,4.2,5.1,Not Placed,0.0
733,20,Female,7.33,EEE,Tier 1,2,6,4,84.21550715295598,36.23388919393349,90.27105713129512,53.151386152725856,3,7,789,84.70121523210244,88.5679462913977,2,57.87774606770436,49.04300704469731,No,8.1,2.2,Not Placed,0.0
734,20,Female,7.41,ECE,Tier 1,1,3,1,100.0,80.11606091729338,84.08254437485901,65.43860894936088,1,2,322,59.90147187719441,73.43528389448308,1,50.41394316765957,72.93080872609862,Yes,5.8,4.1,Not Placed,0.0
735,20,Female,7.89,IT,Tier 3,2,4,3,77.16060252393288,44.4306548352282,54.59124195442482,77.91735148790592,3,3,203,47.09645087495562,99.0689466243328,0,68.69148422094369,87.91701261546459,No,10.0,4.2,Placed,9.29
736,22,Female,6.04,IT,Tier 1,2,3,1,81.63745568926109,53.47762655645781,79.53024608833418,54.971081955632506,2,3,326,85.85950208293076,74.7271942790899,1,71.16028659696161,79.22950434096002,Yes,8.6,4.3,Placed,8.66
737,23,Female,7.18,IT,Tier 3,2,5,3,79.9217266936557,49.00534498753844,47.38410783403444,57.56505094585488,0,7,386,58.32613405318762,68.84609398793452,0,57.66336981890672,28.9788333707367,No,5.5,4.1,Placed,6.59
738,20,Male,5.78,EEE,Tier 2,1,6,3,79.91463265570944,53.78892483863927,62.14678268576444,76.471666639664,1,4,316,50.12172641544105,91.99850846536916,0,27.665370387419628,65.472318463732,Yes,8.2,2.0,Not Placed,0.0
739,20,Female,9.37,IT,Tier 2,3,3,1,99.69998519609776,75.35508727629178,83.18574036767565,47.930223857246645,0,4,185,64.5952328457603,85.34502786921247,1,92.7350824663449,49.89025026827685,Yes,7.3,6.1,Placed,12.19
740,18,Female,7.76,IT,Tier 2,2,3,5,87.04408848971757,42.042658078013474,85.385836155026,64.45438371723462,1,1,589,74.26576705523736,93.31444580276528,1,80.95304482007734,45.78995548480071,No,8.6,4.5,Placed,7.96
741,20,Female,5.81,Civil,Tier 1,3,6,2,97.65674456350264,76.64739976618262,83.32293982910463,58.89148150629057,1,5,366,89.18130764336959,70.93936356569034,0,96.75554413220242,61.76862811528712,No,6.1,4.4,Not Placed,0.0
742,18,Female,6.98,ECE,Tier 3,3,5,3,78.78085267078009,41.75172466594208,78.96150354307716,77.99281696256978,1,6,566,62.450497978435045,82.68455115906379,1,87.5872666427593,70.12912576427046,No,8.8,3.6,Not Placed,0.0
743,21,Male,8.54,CSE,Tier 2,1,2,0,83.62076464313402,64.51922891229341,61.37942764837763,71.69544940602803,1,3,659,80.4461046552982,91.3643677803866,0,21.38727482677502,9.518971427040093,Yes,7.7,3.4,Placed,7.39
744,21,Male,8.59,Mechanical,Tier 2,1,4,2,48.523812551632886,48.94611790174217,70.0598778130988,31.76964834197475,1,3,368,52.76352095562751,83.33490419042278,0,14.794169124889931,84.23324326358545,Yes,8.3,2.0,Placed,6.74
745,18,Female,6.98,CSE,Tier 2,0,4,2,63.97928655774683,78.74812393566006,71.2816461358629,44.97495953355265,1,7,811,68.08757272180914,65.90634083472031,3,74.94157437653365,34.69525091836699,Yes,6.1,5.4,Not Placed,0.0
746,21,Male,7.59,CSE,Tier 2,3,4,5,76.27467139533363,72.12459143586715,68.86154687795158,65.5798715566031,2,2,992,75.20725719425437,100.0,1,55.773715173550485,76.44707776006807,Yes,5.7,4.2,Placed,8.66
747,19,Female,7.29,Mechanical,Tier 2,1,1,3,70.74858630394954,68.67319989118904,74.51161023032806,55.55050045413618,0,3,316,89.36931688501474,81.08346753476444,0,56.937402112231375,94.92513487148302,Yes,7.1,3.6,Placed,9.03
748,18,Male,8.99,CSE,Tier 2,1,1,1,58.79491356969268,29.63739889724917,69.8243832808263,61.324820667765394,2,4,315,63.12222866347064,84.20955823603022,0,69.0994652845422,43.13447226963672,No,6.3,8.0,Not Placed,0.0
749,18,Female,8.56,CSE,Tier 1,0,3,6,95.57027217113448,72.27148358625102,50.69466831605671,96.70443791313647,2,4,810,53.32312835677566,77.7060036352768,0,100.0,68.91945584407661,No,7.2,6.0,Placed,12.67
750,18,Male,8.92,Mechanical,Tier 2,1,2,1,68.18137300522973,53.10783570136453,39.53508243720436,60.02408541628475,2,3,504,63.76644302655637,89.37783097669637,0,86.00554726810728,42.51939875847376,No,8.6,2.9,Not Placed,0.0
751,20,Female,7.85,EEE,Tier 1,1,5,1,74.3951982499732,56.41669527015708,61.16415136636142,93.33528144980367,1,3,150,61.62690210467358,70.73696854051373,0,50.845992841832384,38.377920381692846,Yes,8.3,4.2,Placed,10.64
752,18,Male,7.74,Mechanical,Tier 2,3,4,1,58.805127671016045,49.05999108971464,68.55620150528182,74.74058817894966,2,4,932,62.13353860309104,82.54918718386728,0,51.03729223174741,36.53005495325597,Yes,7.7,3.0,Placed,8.54
753,23,Male,6.82,Mechanical,Tier 3,2,2,2,53.03773307933741,100.0,38.04303960728255,79.29660741685232,3,4,832,74.34319870307462,90.47520497479184,1,83.01121533689951,47.10099875571844,No,9.2,0.7,Not Placed,0.0
754,24,Female,8.79,ECE,Tier 3,2,2,2,86.0648345634599,80.75145059075645,43.87530055109872,37.17710842706004,0,3,544,82.32948413408891,97.01808393953772,1,31.49951332877834,81.8509144309296,No,8.2,2.0,Placed,5.31
755,23,Male,7.82,Mechanical,Tier 1,0,3,4,69.21442220935492,55.16421239290497,95.33974024624094,92.02765402235994,1,4,275,76.9080414767245,90.06051414722357,0,48.17020253247636,29.0646964579894,No,7.2,1.3,Placed,9.72
756,23,Female,8.22,CSE,Tier 2,5,2,1,45.3853832222965,67.92900171748094,57.44395329577732,77.90486762169961,3,7,113,53.96354487863573,71.24628652394348,0,64.10414266179467,37.67778684096078,Yes,8.8,2.4,Placed,12.84
757,24,Female,8.0,CSE,Tier 1,0,3,0,55.18280077026245,29.67649554311853,65.61990198214792,80.6637351363072,0,1,941,73.64507611331626,78.152976760476,0,49.14542240121874,78.93831898343427,No,6.7,2.5,Not Placed,0.0
758,24,Male,7.37,Civil,Tier 1,0,3,2,55.982933312872255,53.98166669495885,79.3381380429237,40.7101912268838,1,6,489,94.21913167079394,100.0,0,60.80438855078992,64.83228735735325,Yes,6.2,2.5,Placed,9.77
759,18,Female,5.71,CSE,Tier 2,0,4,5,70.97355468833256,62.95932952952739,70.61254453962192,50.541748653355214,1,6,199,88.8536603741341,94.61684139065912,0,30.73423048328484,35.79774800666023,Yes,6.2,3.7,Not Placed,0.0
760,23,Female,6.94,Mechanical,Tier 1,2,4,1,59.24398695929828,54.99167218396421,56.47552756923622,62.30089611810979,0,4,953,65.5457711944972,85.2410922540781,2,67.10952172102549,53.71564412074466,Yes,4.7,6.0,Not Placed,0.0
761,20,Female,7.1,CSE,Tier 1,2,0,2,66.99386410935071,84.5502008018295,71.56120205839409,77.70300943107446,2,5,722,65.0755260671924,61.1932133878908,0,47.766408501088335,37.39941527921941,Yes,5.8,2.8,Not Placed,0.0
762,19,Female,4.5,ECE,Tier 1,2,7,2,74.43690058073864,64.31902954855508,84.89226827781813,29.95166893982933,1,5,78,56.51406533077337,91.07181586254995,0,54.3143870027574,97.55385482251496,No,10.0,3.3,Not Placed,0.0
763,21,Male,6.4,Mechanical,Tier 1,0,2,1,70.72792001559098,83.7947028394247,78.6617497862178,63.2916841003452,0,6,473,87.04396923145484,85.59189070017236,0,41.25642309478951,59.88319194909767,Yes,9.7,6.1,Placed,11.79
764,21,Male,7.43,IT,Tier 3,1,3,3,75.17132011670094,79.29963198659128,76.21825124173283,83.81592853965117,1,5,308,72.69742865810147,72.37657116678797,0,61.57787812725229,79.59684191046705,No,8.5,2.2,Placed,7.72
765,19,Female,7.7,Civil,Tier 1,1,3,1,74.04251062801855,48.34988612854387,81.75562533566735,75.42363786157816,0,5,81,63.13268993762021,84.1390775686924,0,51.555427900243096,48.87300718655106,No,10.0,3.0,Placed,11.18
766,22,Male,8.29,CSE,Tier 2,0,1,4,81.2946746150937,43.74122660039762,77.63178872306754,49.5703555244406,2,5,870,53.62899453593291,85.82530995551318,0,57.39128240744455,37.15331215166757,No,8.5,3.7,Not Placed,0.0
767,24,Male,6.64,Civil,Tier 3,2,6,2,67.90524972551864,54.91684160340952,54.598131991930615,75.0662107887045,0,3,166,64.85019329121118,69.37214442488393,2,42.466585816723,57.44046813365702,No,6.5,2.8,Not Placed,0.0
768,19,Male,6.72,ECE,Tier 3,1,2,2,73.57751707829775,52.138372435149066,67.22196557767913,69.61046020170633,0,3,871,84.29004360781983,84.69326167034959,1,47.164723005355896,31.24167216589466,No,5.2,4.2,Not Placed,0.0
769,19,Male,7.55,IT,Tier 3,1,4,1,68.51879339340633,81.94081598262169,67.09422854633456,46.636620395003,2,7,592,91.40014476540892,70.88968262099704,0,63.76682908241805,37.72937347638057,No,6.5,4.6,Placed,6.04
770,24,Male,5.37,Civil,Tier 2,1,1,4,64.90464586927878,57.32984331732798,49.02692401262746,66.58895871990586,1,3,150,59.94576379435296,68.81531592180909,0,28.884592260965647,10.89175510444516,Yes,4.6,4.6,Not Placed,0.0
771,19,Male,7.53,IT,Tier 3,2,0,4,56.137875824666445,74.88029121647614,61.28391985614768,58.13412841171634,0,6,648,55.07936851312998,77.30111664154225,0,55.73664097502488,70.55463814119956,No,7.1,5.1,Placed,5.3
772,19,Male,8.33,CSE,Tier 3,2,3,1,48.55166423181657,79.19479932483611,90.01816927932065,47.914030218478246,0,4,842,54.432219717640606,72.18774526597855,1,34.18846651011599,22.923033884413528,No,4.6,4.1,Not Placed,0.0
773,18,Male,8.47,Civil,Tier 2,1,2,4,57.66101926883124,66.87158553355214,58.65659658881498,74.20969290203989,1,4,941,71.52699096473609,80.77721224264657,1,60.040972979997136,23.978371825536577,Yes,7.9,4.4,Not Placed,0.0
774,21,Male,7.33,IT,Tier 3,1,2,1,72.2803646598245,85.3928175403535,41.23830997589271,78.95155877880724,0,4,279,68.53143296210379,100.0,1,52.602707110254194,36.724240179503546,Yes,5.9,2.7,Not Placed,0.0
775,19,Male,6.55,IT,Tier 2,1,4,2,55.6277241829365,76.72481322477198,80.6511857544466,83.5638047929105,2,6,171,76.1147169606527,96.33952205165365,1,75.29554674504341,70.36707423025324,No,6.3,3.7,Not Placed,0.0
776,21,Female,8.6,IT,Tier 2,3,3,1,68.563230369052,58.246459583605606,54.190665517895845,90.9331537849098,0,1,193,68.47287595474295,90.2904472236068,0,52.17387750412501,55.341337135843816,Yes,7.8,4.5,Placed,9.34
777,24,Male,9.56,IT,Tier 3,3,5,0,90.22532810713568,75.46899902135196,82.39578080835109,93.37782632659136,4,6,629,33.740817507442785,85.92144762974321,1,67.30009446029314,45.522962879714186,No,6.7,2.5,Placed,7.21
778,20,Male,8.72,IT,Tier 1,2,1,0,82.36932640722593,68.69292578362246,88.54361899782928,93.53557805326854,1,1,861,75.86603818307722,80.0668322362196,1,89.05419890875594,25.516043786863616,No,8.3,5.0,Placed,9.01
779,18,Female,7.22,ECE,Tier 2,1,2,2,57.95989315912756,59.25337715348322,84.18264770395325,56.3470031272911,1,2,556,66.0863838729374,89.891452630652,0,63.44454809119181,67.1850833647823,No,7.3,2.3,Not Placed,0.0
780,21,Male,6.99,EEE,Tier 1,1,3,2,86.76454851800511,81.96730595875084,67.12310512491571,62.88683172986966,1,4,947,64.52212906190937,66.97237481608238,0,37.71444853227196,60.941688972277184,No,7.5,4.7,Placed,11.64
781,18,Female,7.4,IT,Tier 3,1,3,2,62.10053382706872,38.93516165211369,63.945750957585176,41.15715539518453,0,3,232,75.91864876986612,88.01727579326452,0,72.48640514152197,68.94510037793762,No,7.7,3.4,Not Placed,0.0
782,21,Female,8.54,ECE,Tier 2,2,1,1,85.71419024844798,64.65330385206995,71.86303649266716,58.36270343980617,1,4,698,73.74131883739892,71.95628713165041,0,72.4411069836256,62.28799055179445,Yes,6.2,2.5,Placed,9.09
783,21,Male,6.13,CSE,Tier 1,0,3,0,59.7611492901843,77.36217320009307,44.9000768032485,85.62118664349309,1,1,631,41.58975811262452,71.15343191845346,0,41.31281576840009,33.04700239712382,Yes,8.7,4.3,Not Placed,0.0
784,20,Female,7.78,ECE,Tier 2,1,3,0,83.42840595641391,66.60301001220898,87.02866287273969,73.16832948312079,2,4,859,88.98073918794483,80.96673891879608,0,62.65054465871129,57.777429198194426,No,5.9,4.7,Placed,10.61
785,18,Female,7.86,CSE,Tier 3,1,2,1,60.362803262734126,58.5362662796268,82.63133757002969,99.7732933895753,1,2,886,82.35038261597651,88.29137959233779,0,79.96650045587063,90.04700171608653,No,7.9,2.3,Placed,7.18
786,23,Female,7.07,Civil,Tier 3,2,6,0,78.53593585852897,58.41450395066418,95.461359097784,49.91158106526542,0,2,405,65.12031799912467,70.6929238905444,0,44.880819987726255,50.87452636303183,No,4.3,2.5,Placed,6.89
787,23,Male,6.38,ECE,Tier 1,1,7,0,65.45023811827635,51.82232598060351,79.33651410478477,65.49656423329942,0,4,874,64.83796235360488,89.12844038251963,0,63.00286440729566,41.43433575698688,Yes,6.8,1.2,Placed,9.71
788,24,Male,8.13,CSE,Tier 1,1,3,4,76.44676528851987,58.08352059096755,80.16302847259328,75.64391351580615,1,6,577,71.19371805185149,98.26205608270304,0,58.96702665944849,3.618068135201696,No,6.7,4.8,Placed,12.37
789,20,Female,9.48,CSE,Tier 1,3,2,2,60.56269113243921,75.88934327136461,87.25406385327224,70.33041496918553,1,5,218,61.24043942607023,88.2691758520733,0,83.07693558119726,47.73029694376653,Yes,5.2,1.3,Placed,15.45
790,18,Male,7.57,IT,Tier 2,2,3,5,40.31263925849055,83.34086242366755,93.71204098372144,53.90383178238645,0,4,479,82.34504037303714,72.57983152568478,0,50.61779882141825,68.4517129705084,No,8.5,4.1,Placed,7.45
791,19,Female,5.93,CSE,Tier 3,2,6,2,64.61526294636529,73.72896736689259,53.72649922494916,34.77516629120975,0,5,241,69.06342380062594,84.3299452145786,0,65.25825464483847,100.0,No,5.2,2.2,Not Placed,0.0
792,18,Female,8.05,IT,Tier 1,3,7,2,73.83359365266043,56.91338691585787,67.90940067852972,73.7371043677801,0,4,880,95.72513864143444,82.01376797538688,0,46.77124910976162,31.36340575052523,No,7.6,2.9,Placed,15.35
793,18,Male,5.85,CSE,Tier 3,0,3,2,72.76754862068616,52.59381518352559,80.77387328609187,61.48000516319377,0,3,697,57.72802939642976,79.48492704994052,1,41.968211584152286,43.861407111297865,Yes,5.9,4.1,Not Placed,0.0
794,19,Male,7.89,Mechanical,Tier 3,1,3,1,41.99474598377621,82.71574872301355,82.7988406968184,91.93217935856028,0,4,427,68.12478166130211,90.34252217192736,1,77.51568669104194,42.09433685001258,Yes,9.0,5.2,Not Placed,0.0
795,21,Male,7.4,EEE,Tier 1,3,6,0,82.08870269521256,73.25186862443559,83.02366230485116,80.10915165629783,1,7,856,82.31133741811219,83.22411641234025,0,72.48675236995741,71.23128747786927,Yes,7.9,4.9,Placed,15.06
796,18,Male,8.16,CSE,Tier 1,3,0,4,56.70067174118956,66.58427113684556,67.2216021927534,65.43607218665312,1,8,322,74.19231862190178,86.72041829611717,1,56.24273064452777,59.75606554936048,Yes,8.3,4.2,Placed,10.7
797,23,Male,9.56,ECE,Tier 2,5,4,0,73.56039957870982,54.8386084375792,61.47340695291554,66.16859537316344,3,4,768,82.05802047234135,80.974476107144,1,45.06617815307883,85.1755352065789,Yes,7.3,1.0,Placed,10.13
798,18,Female,7.99,EEE,Tier 1,1,3,2,78.26041723169807,56.66675902099196,68.27194484652789,76.04869511158014,1,5,585,58.25049935003794,96.2981460987458,2,54.73401542567737,56.939140958614544,No,4.7,4.4,Not Placed,0.0
799,18,Male,9.14,Civil,Tier 2,0,4,4,64.25720083075129,68.32411508368092,70.68550410168682,41.67508014580562,0,3,861,86.63278727086677,95.38764976156337,0,80.42092498524723,84.86699054148181,No,6.4,2.0,Placed,9.77
800,23,Male,5.41,ECE,Tier 2,1,2,1,74.15563862072791,63.3380483887536,55.52083698711985,41.76827251641596,0,2,184,75.56563359057041,92.60595619251563,0,56.00474876145311,59.98971075730089,Yes,8.0,5.2,Not Placed,0.0
801,19,Female,8.1,EEE,Tier 3,1,8,2,61.22482745071801,70.02862784293477,58.70746840249478,64.37641230744822,0,3,656,73.20670288530435,87.36181962387842,1,80.42991339886443,36.42729816905627,Yes,5.3,3.9,Not Placed,0.0
802,23,Male,8.45,CSE,Tier 2,0,3,2,50.30557584876399,67.8276505961487,99.919799168784,75.18911084088519,0,5,179,64.06103008181698,80.93654346682929,1,74.35672342908389,54.96027648642109,No,7.5,2.9,Not Placed,0.0
803,22,Female,8.3,CSE,Tier 2,1,4,4,63.92059996133095,66.76231784704775,70.9434731786953,43.84815338414092,1,1,185,68.74586577455956,88.57835169601522,0,41.39354348648812,21.86873026897193,No,7.4,2.7,Placed,8.09
804,18,Male,7.48,Civil,Tier 3,0,6,1,83.83350317588761,62.4446908430748,51.86508984810546,73.40746813038307,3,5,244,51.97688447558041,70.88453898111717,0,58.80549623370762,42.920097042099066,No,6.5,1.4,Not Placed,0.0
805,22,Male,9.15,CSE,Tier 2,1,1,4,50.52399559873795,62.55042511882431,44.7132849884501,89.76923476159027,2,3,922,64.17005887762501,51.418363703664646,2,53.65594093376152,63.97669947079848,No,5.4,2.8,Not Placed,0.0
806,19,Female,6.52,IT,Tier 3,2,3,4,60.41567521771116,67.49574703037224,73.98176939712666,75.00205867242931,2,4,98,86.4997815343212,84.94721369960054,1,76.963411996641,41.80777169508888,No,8.3,4.1,Not Placed,0.0
807,23,Female,5.62,EEE,Tier 2,0,5,1,79.85446853901855,58.38211499464737,84.43710284309736,59.04474293524674,3,1,960,73.88975979658443,83.99027097585191,1,46.030918645709455,24.263494836087336,No,6.3,1.1,Not Placed,0.0
808,23,Female,8.55,ECE,Tier 1,1,3,1,85.28395059807534,76.55054344340559,60.44033097076209,62.48899339779437,2,2,427,77.4409863577899,89.05038180217068,1,46.05976881712115,60.19405527151034,Yes,5.4,2.1,Placed,8.67
809,18,Female,9.32,EEE,Tier 1,1,5,4,53.92343121072724,78.77894765428456,77.34375099160052,52.50661958408416,0,5,726,73.67364170974389,91.15722699355216,1,35.51118015004719,41.51416324758951,No,6.5,2.1,Placed,10.45
810,19,Female,7.71,ECE,Tier 1,0,1,3,91.60847017693006,72.63981003515418,56.93089144474752,71.51068501804477,0,2,659,79.6734121676635,100.0,0,69.83833399069098,65.44423809440217,Yes,7.8,4.3,Placed,10.06
811,19,Male,7.19,ECE,Tier 2,3,2,1,73.00973558075302,41.61597534390293,41.91503052133383,50.97717173407111,0,3,469,79.2319958886251,100.0,0,76.17373399424856,17.72124933691373,No,5.0,4.1,Placed,7.28
812,20,Male,9.17,IT,Tier 2,1,2,5,69.46531475633817,59.08456924363687,65.12140076078065,81.31765846430004,3,3,487,70.43878305891513,92.0373996509804,0,26.26449024495997,56.67861782808946,Yes,6.5,3.2,Placed,10.11
813,18,Female,5.85,CSE,Tier 3,1,0,0,47.60204367869856,56.45100086871363,81.32954502294614,72.4944682833621,0,5,827,67.00900280572186,88.1957178813026,0,59.23355676147209,53.76401435710856,No,5.9,1.9,Not Placed,0.0
814,20,Female,7.97,Mechanical,Tier 2,1,3,1,59.04807117842557,51.81391401821905,77.26480311358316,96.60245042701168,1,7,689,84.34623536870782,89.29342990337821,1,41.11250966887161,24.81050168807488,Yes,7.9,5.9,Not Placed,0.0
815,22,Male,6.99,IT,Tier 2,4,3,4,61.02015588633799,64.70852801539398,68.66631785848959,60.0293228987838,1,1,740,65.3613112330656,81.57491537203605,0,100.0,49.64162362884576,Yes,7.8,4.2,Placed,11.51
816,18,Female,7.23,ECE,Tier 3,0,8,5,75.96857506336461,71.30027190633669,45.54800249347048,48.96253718804323,3,2,724,64.97573523775715,68.82186441122646,0,42.07718706324151,65.75397733270385,Yes,6.5,4.7,Not Placed,0.0
817,24,Female,7.93,EEE,Tier 2,0,5,0,74.87297002717072,53.17733375947144,63.905598977530886,50.29036486278601,1,3,662,82.74262365392252,100.0,1,79.85575665488558,62.47987515740537,No,6.0,3.9,Not Placed,0.0
818,18,Male,8.85,Civil,Tier 3,4,3,1,61.93970067060901,60.48146894325951,83.04835393064997,57.19543679266164,0,1,832,80.56299520576742,81.40462559824302,1,61.93010633535962,51.7762989267252,Yes,6.9,4.1,Placed,6.01
819,23,Male,7.77,ECE,Tier 3,1,2,2,79.66733415175491,78.87694739232377,82.97323745877532,92.26531509792382,0,3,54,64.94647371111213,67.14438390880919,0,48.01619674590662,54.98496100111221,Yes,7.9,0.8,Placed,7.0
820,18,Female,7.43,IT,Tier 3,2,0,1,61.24002271425927,73.91608646510164,71.24038505196283,72.62685806473333,1,4,587,72.4271568446216,93.13852879214042,1,24.957750045956807,60.74705617525058,No,4.9,4.2,Not Placed,0.0
821,18,Female,7.35,CSE,Tier 3,1,3,3,62.03964990670879,66.66995286880083,77.23878725968648,64.30446636117124,2,6,253,64.28580924806023,91.50937732808444,0,81.2162883328128,100.0,No,5.9,2.7,Placed,6.21
822,21,Female,8.16,Mechanical,Tier 1,0,5,1,66.7566101132884,66.81591824638994,83.38404850167319,84.8916784799029,3,6,749,62.45402276193224,86.80552257211502,0,85.0501080972227,31.02904259235492,Yes,7.1,1.2,Placed,13.78
823,21,Female,7.32,CSE,Tier 3,4,4,1,55.245253491379216,58.96740964703571,77.20278195956045,61.93996334438731,1,6,186,57.63370248754335,79.51687512773609,0,77.63903002856699,22.215345487294137,No,4.3,4.5,Placed,8.96
824,21,Male,7.44,Mechanical,Tier 1,1,1,2,50.84767245785969,68.12004165788338,80.01275422249273,38.63148136936768,1,2,661,55.30908306393796,95.9958860793247,1,84.71283131102595,39.50773062455825,Yes,7.5,2.3,Not Placed,0.0
825,21,Female,7.1,CSE,Tier 2,3,2,2,58.20029590422946,71.5806554495646,49.8460406691776,90.20718576856156,2,8,506,62.85306057297394,94.21320044507662,1,75.13118149689623,71.73856282273256,No,8.3,6.4,Not Placed,0.0
826,22,Male,7.11,Mechanical,Tier 2,0,6,2,91.67620271502602,48.66464485829446,68.38696590438947,68.72038870988818,1,7,676,84.5428243580491,82.48554911641875,0,43.54833842999645,35.03933779020151,Yes,4.9,0.5,Placed,10.55
827,24,Female,8.78,CSE,Tier 2,3,4,3,88.574619130147,62.40160599329827,67.25695472138253,32.59215776692562,1,6,683,70.80525998786983,74.04181247085559,2,61.13301669757357,69.13009623876047,No,7.4,2.8,Not Placed,0.0
828,21,Female,9.09,Mechanical,Tier 2,0,4,5,87.61448505830435,64.36478747187826,94.5762270894233,60.2825652114099,1,2,698,69.82926365885544,78.14959315938597,1,45.88173185448528,56.382318610807424,No,7.2,4.7,Not Placed,0.0
829,18,Male,6.96,Civil,Tier 2,1,3,1,77.06379152491671,73.33567131881759,85.42241331809548,64.8905558662313,0,2,481,78.09342337542772,86.54913193695218,1,9.668190533927998,46.50436356943529,No,7.9,5.9,Not Placed,0.0
830,19,Male,7.15,ECE,Tier 3,2,1,1,32.377764101544585,30.424945330649926,69.89345899609187,81.53046595647974,0,2,555,67.62112308319274,86.87663925677583,0,60.45337857660112,65.33470360583777,No,8.2,6.4,Not Placed,0.0
831,24,Male,7.97,CSE,Tier 3,0,2,2,88.69115307861429,78.96654763541426,73.33991743426027,56.551296374247215,3,3,850,74.1122014931738,75.29124949149211,1,40.52036566460495,31.23047348090699,No,7.2,3.8,Not Placed,0.0
832,24,Female,7.69,IT,Tier 3,4,3,2,78.84053088936454,46.46999597799188,80.50892934451403,72.53292630948835,1,5,135,65.30859813167797,91.51163822284134,1,99.2921243333026,42.44401375030107,Yes,8.7,3.2,Not Placed,0.0
833,20,Male,6.79,EEE,Tier 2,1,3,1,63.728112580671976,83.85887223064643,86.38789887974751,50.6356574078701,1,5,408,76.80480887576063,84.88226692330075,0,54.771675896425776,77.72234210885054,No,9.7,3.5,Placed,6.52
834,24,Female,8.87,Mechanical,Tier 1,3,1,0,60.95186619391978,77.86366040539745,77.55929707446471,100.0,0,3,766,78.17577858719713,89.65274394070434,1,48.05008144639101,52.292453343737314,No,5.1,4.4,Placed,8.8
835,21,Female,6.89,ECE,Tier 3,3,2,2,52.04417918654352,70.38473336123992,60.35887721321055,30.22118494051801,0,4,870,72.51173598474399,94.92171813978383,2,76.7380756224277,29.54602065357108,Yes,7.2,3.3,Not Placed,0.0
836,23,Female,8.36,ECE,Tier 1,2,5,2,71.15818926040801,79.71986276337007,54.89008475038165,77.04806096112021,2,1,661,82.94810156851048,100.0,0,40.79360410957419,51.0727645164618,No,7.3,4.4,Placed,14.86
837,18,Male,7.78,IT,Tier 3,2,3,1,65.82406607827278,92.96972011295809,72.9016093146782,58.39132966055142,1,4,129,82.41190302050093,100.0,0,50.1104569024953,67.50288739633734,Yes,9.1,2.9,Placed,9.94
838,21,Female,6.53,CSE,Tier 2,1,1,0,65.75548341471696,68.77900968357206,79.68826053453785,39.21484193524174,1,8,917,68.10039162260776,78.37815707383051,0,35.42332506029137,58.21175230741874,No,4.5,3.7,Not Placed,0.0
839,20,Male,7.34,IT,Tier 1,0,4,1,73.68134281116481,31.198724752849003,92.15542060291736,68.337484180899,2,4,751,49.9046981812684,82.99935262260121,0,71.08993527137446,41.569023799742894,No,8.4,3.8,Placed,9.4
840,23,Female,7.38,EEE,Tier 1,4,2,1,39.63399060122535,91.70383508363189,51.15301541867686,68.23469008400156,2,6,710,62.27113639036271,86.36152433879025,0,62.59142599334108,36.59094419084271,No,8.8,4.3,Placed,10.73
841,20,Male,8.2,CSE,Tier 3,2,2,1,83.09159655574766,74.35095409581693,66.23668128519829,58.70045490230928,0,5,365,76.44593110882418,79.09855610832436,0,55.51736592624838,45.95334601111323,Yes,8.5,1.6,Placed,7.58
842,22,Male,7.08,Civil,Tier 2,3,2,3,73.41167883066963,76.69482330963744,90.77161537282504,43.21004322157714,1,4,347,79.34292932531281,78.97864835921241,0,46.413435140900006,34.9024069439507,Yes,7.0,3.1,Placed,11.66
843,18,Female,9.4,IT,Tier 2,3,1,2,56.16837662856308,43.84055601194768,76.58736350563882,87.48083102515713,2,3,264,67.39053315902281,93.52494755172668,0,53.55924529846352,32.78194405026685,No,4.0,5.0,Placed,9.46
844,18,Male,7.06,CSE,Tier 3,1,1,6,52.48874753860336,53.27757217931551,51.341405587116974,88.87179939105089,0,0,131,63.90526461228153,98.29664200103988,0,59.16735322248262,63.55291493492837,Yes,7.9,1.5,Not Placed,0.0
845,23,Female,8.59,Mechanical,Tier 3,1,1,3,59.8546519642787,60.81122739298755,56.95751286142789,67.23959776212385,1,2,482,92.42631072800415,86.05830603316022,0,52.09870624172705,48.67538230075324,No,7.5,3.2,Placed,6.11
846,18,Female,7.66,ECE,Tier 2,0,1,2,56.81617605159381,52.692574409023294,60.747274391594274,73.56463164976086,1,4,328,76.16470138040101,83.69468547731744,0,77.9492437558247,30.97250015432236,No,6.2,2.6,Not Placed,0.0
847,20,Female,6.73,EEE,Tier 1,2,3,1,65.89420971072707,59.45295988296964,82.12580900898746,72.03760440646921,3,7,857,83.55865100152735,100.0,0,99.7621907520628,37.07719511067275,No,6.6,5.1,Placed,12.72
848,22,Male,6.66,EEE,Tier 2,1,3,1,63.74981407542914,59.42972132675699,91.09688306662392,75.00158373229324,1,8,506,49.19620000534543,97.46633906152874,0,63.162598453006574,42.78148203499504,No,3.0,1.3,Placed,9.01
849,20,Male,8.54,Civil,Tier 2,2,3,0,81.29297630732073,88.64534493511633,63.82312316388313,74.95571562058555,0,4,907,67.87959173161596,77.55409307614077,0,59.72704362330147,43.97089702125975,Yes,7.5,3.0,Placed,10.13
850,21,Male,7.11,CSE,Tier 1,1,3,1,81.51141648213253,54.38081861847567,68.31091072015849,65.01461095124668,0,3,806,71.53068880937863,87.55914491496013,0,46.96449010098133,50.24683457336337,Yes,5.0,2.6,Placed,9.27
851,20,Female,7.58,ECE,Tier 2,1,5,0,87.19630200989263,44.53863461458896,61.19032517231405,65.71121317282434,0,3,548,58.30305798009401,85.3784418888976,0,65.83075629841446,49.21680856570176,No,4.0,3.9,Placed,6.65
852,20,Male,7.23,Civil,Tier 2,3,2,0,70.61341296242266,80.20839398199976,76.13860221814474,57.34843798062775,1,4,295,54.0899406935693,93.89526490083271,1,100.0,16.287719482546436,Yes,8.8,3.8,Not Placed,0.0
853,23,Male,6.55,EEE,Tier 1,0,2,0,49.85541579401893,74.50132276347887,77.41278567618652,64.6076919188823,3,4,469,59.81752226990034,76.09307691534028,1,89.47383167652553,54.979156062474566,No,5.3,0.5,Not Placed,0.0
854,19,Male,6.67,Civil,Tier 3,2,0,0,77.98177338088311,63.610727023135695,65.37904735944505,52.8654192294531,0,2,50,69.87040807125977,89.96816390200131,0,81.92386571231344,73.9884906157287,No,7.4,4.8,Placed,4.89
855,23,Female,7.2,CSE,Tier 3,0,1,5,75.75129882864796,80.28468000416089,64.15467760716902,51.09174213468465,0,5,961,71.80218530238346,87.47396223175924,1,79.23503799214573,69.47009493505664,No,10.0,6.2,Not Placed,0.0
856,23,Male,6.26,EEE,Tier 3,2,6,2,67.48801539110592,51.88290768405835,47.69339195998448,42.36793036327694,1,5,786,63.45262754694162,100.0,0,89.56207736357739,46.04703990210251,No,6.7,0.5,Not Placed,0.0
857,20,Male,8.31,IT,Tier 3,1,3,2,77.01888382344761,57.20845316390992,63.824796606541554,86.21915362679498,1,2,249,63.19736099713377,95.85460049543865,0,68.56767957292739,28.825583090432968,No,7.4,4.1,Placed,5.24
858,22,Male,7.02,IT,Tier 3,1,3,1,85.51009200195773,91.7209723158109,53.43673842827833,52.38303517062442,1,2,946,60.56027585103373,89.50094169221923,1,70.5157679968371,63.33059288413395,Yes,6.0,5.0,Not Placed,0.0
859,22,Female,8.24,EEE,Tier 2,2,7,5,92.24275424070936,71.60992513957753,86.61694545793432,41.95685045802399,1,3,562,52.55448873509475,90.60751729275329,2,50.30318639548637,69.58513675410282,Yes,6.9,0.5,Not Placed,0.0
860,22,Female,8.37,IT,Tier 1,2,2,0,56.96212816833142,60.881635176478696,75.8477710646313,91.39898343541353,1,6,342,87.53978041839551,90.29717519556016,1,66.04738840473576,23.05561937511615,No,6.3,2.0,Placed,8.88
861,22,Female,5.7,IT,Tier 3,2,2,0,70.8660116779105,76.85361687941167,51.659918067676,100.0,1,7,500,71.83999018765337,68.60513888427379,1,74.36907003334804,47.21609820422931,No,7.7,5.2,Not Placed,0.0
862,21,Female,6.0,CSE,Tier 3,1,6,4,61.14821183002167,98.55781774885516,53.966564700071565,71.16035290393495,1,6,939,77.07774511653649,100.0,0,42.73461943769047,54.05565512113117,Yes,7.7,4.8,Placed,4.72
863,20,Female,8.1,IT,Tier 1,0,1,4,78.10553257816616,81.5340123915972,50.63490397753458,70.58740829741178,1,4,533,79.52264698981426,73.24599204898647,1,85.0305368237874,30.57913109749329,Yes,7.2,3.3,Placed,9.06
864,19,Male,7.54,IT,Tier 3,1,4,4,48.490370880288445,58.65841256897289,83.52688415885113,74.46841197925914,2,2,234,66.88614071485166,75.804459593091,1,53.97137392608072,30.586380948854853,No,4.7,3.0,Not Placed,0.0
865,18,Female,7.4,IT,Tier 1,2,3,3,50.830966056125966,91.08583532514706,54.933515252590254,55.94606291589339,1,2,753,81.95066761076379,66.80417340248758,1,65.44610117030784,62.34482401375195,Yes,8.4,2.4,Not Placed,0.0
866,24,Female,6.51,ECE,Tier 1,1,1,1,51.41010487839286,43.67289267865184,63.45423636152364,42.284769292714536,1,3,964,77.67977007034435,78.32831015660648,1,61.72343494799812,31.512648042846905,No,7.2,2.5,Not Placed,0.0
867,22,Male,8.11,IT,Tier 2,1,3,0,84.50352785142596,55.4420753499762,90.78108100641695,56.1104778419889,2,1,366,72.29061710009113,100.0,0,61.25438228506402,47.97915728960238,Yes,8.9,4.7,Placed,9.24
868,20,Male,8.5,CSE,Tier 3,1,0,2,75.84587906434658,67.54788757574491,89.62945197319729,68.0240779480234,1,3,357,78.31627878702318,79.86670682353179,6,58.01487819957087,23.716242633978705,No,9.3,2.8,Not Placed,0.0
869,22,Female,8.3,CSE,Tier 2,1,3,1,75.17025240927221,45.464536516042834,53.33714955598019,71.24386195463185,2,3,101,90.05813253118319,96.71791636456436,0,44.83049275048168,67.03839881197925,Yes,5.2,4.6,Placed,10.27
870,19,Female,5.25,EEE,Tier 1,0,2,1,56.46888346480778,63.51595702819736,45.20943952143512,55.9946044379184,1,5,113,69.0435785755296,84.04002398837405,2,82.24766869543973,55.14661027393966,Yes,8.1,5.9,Not Placed,0.0
871,20,Female,7.46,CSE,Tier 1,0,2,0,81.40528927040623,42.0699036743714,38.68668248386766,76.01472385069594,1,6,817,51.30506747631814,75.3715782787508,2,32.46144195294529,60.42791709678845,Yes,5.2,2.1,Not Placed,0.0
872,21,Female,8.34,ECE,Tier 2,0,0,2,94.39553591300604,61.87550894740149,58.24857165118712,47.98876664747729,0,3,262,64.5846223438186,85.18264721495507,0,34.64787689233514,38.34174903863367,Yes,6.6,4.3,Not Placed,0.0
873,20,Female,8.95,CSE,Tier 3,1,3,1,38.29430504486399,53.35752361645713,70.00323366227981,46.3664173234917,0,5,215,43.11547468006111,81.4186284700078,1,76.42513907608726,60.97101193224756,Yes,5.6,2.0,Not Placed,0.0
874,19,Male,6.87,CSE,Tier 3,0,3,1,58.03837884771511,77.3160303204331,85.38622099343839,34.06144366402077,1,7,396,61.94166612129152,77.14858659726411,0,44.24925166545604,57.68100920272586,Yes,5.9,1.8,Not Placed,0.0
875,19,Male,9.03,IT,Tier 2,1,0,1,56.969697608642285,28.17092868095012,94.48702453506364,87.2541378274203,1,4,399,79.91124299416494,80.95737992498162,1,55.48874542166608,49.71557489524624,No,7.1,1.8,Not Placed,0.0
876,23,Female,7.06,Civil,Tier 3,0,2,0,70.7909592058611,89.90586519266269,46.55499059526379,71.2381893232427,0,5,517,86.68221605404287,82.49137526700486,0,71.63375357596219,82.34690443192119,No,5.7,3.7,Placed,5.96
877,23,Male,7.4,IT,Tier 3,0,7,2,86.61546813666422,69.66696894752411,96.49966093069096,71.43405071954123,0,7,675,48.19183331280619,82.88295581907826,0,66.33394059676914,38.99858708367184,No,7.3,3.1,Placed,5.05
878,24,Female,9.25,CSE,Tier 3,1,5,2,88.83793266092238,66.46352797978327,77.64782300918729,59.32691817222085,1,5,524,96.16749964292026,85.93393490732932,0,45.06497692695962,79.2923838132328,Yes,4.3,3.9,Placed,11.47
879,20,Female,6.18,Civil,Tier 2,2,4,3,53.61580018697481,55.50692326848028,77.11454519250319,52.1563122413962,1,5,367,64.69810624427616,74.40919258900365,0,86.15057612641864,69.419634494097,Yes,4.4,1.8,Placed,8.41
880,21,Male,7.2,EEE,Tier 2,0,7,3,83.6558151138093,96.4314208256434,60.365832437691495,73.75618826304398,0,1,957,56.7910406106071,77.98960409510204,0,42.24668853401681,23.69476981110488,No,5.9,3.5,Placed,9.1
881,19,Female,8.11,Civil,Tier 2,1,4,0,69.0615681801345,61.3980132329791,53.78782574158498,60.67409435257237,0,5,411,70.12745111505632,80.4747385813147,0,70.34603001294576,29.661090477517853,No,5.6,4.6,Placed,10.09
882,20,Male,6.44,CSE,Tier 2,2,6,1,93.70477660367844,76.29066766130218,64.72852762260167,78.54162310167087,1,1,345,40.21097362712904,94.50031459669606,1,35.48899938025818,65.72580419061899,No,6.1,4.2,Not Placed,0.0
883,23,Male,6.55,CSE,Tier 2,1,2,0,90.69416333485772,54.03270560274255,73.6943260231166,54.30379009575876,1,1,919,52.950686907275454,81.32314962446775,0,43.22826568153808,29.712005824615343,No,6.5,6.6,Not Placed,0.0
884,19,Male,9.75,Civil,Tier 2,3,2,1,60.61268696349633,71.84987154549094,88.26750580186251,25.941790917409435,0,8,875,67.9464154461948,85.33828690763161,0,56.95519181556119,92.9117127898542,No,3.8,3.2,Placed,12.8
885,23,Female,9.12,IT,Tier 2,1,2,2,80.22816527571706,76.31712046563376,61.24987965279733,64.5225514619926,1,7,153,80.85355429246584,80.09890347342645,0,58.56477073601231,86.29671924205607,Yes,8.9,4.0,Placed,12.5
886,22,Female,8.07,CSE,Tier 2,2,2,2,86.03261420111218,62.45599583507308,74.06860930805321,86.03893306890235,0,3,405,70.79734416748445,78.29332466501711,0,54.822769857025165,35.56460246391866,Yes,8.4,3.1,Placed,12.71
887,19,Male,7.85,CSE,Tier 3,3,3,1,59.79780866936616,84.27558225350613,62.58804553944253,63.561606038563966,0,6,576,79.30784758249116,86.47923471184441,0,55.162793748153945,54.40950175738924,Yes,7.1,4.0,Placed,9.15
888,21,Male,7.68,CSE,Tier 2,1,5,1,69.19495702584705,45.17140353885462,57.13846352269576,59.82976539323779,1,8,519,82.31450235374248,68.58843537298176,0,45.537548073032845,19.322387178735084,No,4.6,3.7,Placed,7.47
889,20,Female,8.86,Mechanical,Tier 1,0,6,2,69.5586161281546,57.34129845566664,81.82627603309324,76.0404681617042,0,6,449,81.58569602797544,99.48652072546142,1,67.1084974374732,3.562531945411173,No,5.9,2.4,Placed,8.61
890,19,Male,7.93,ECE,Tier 2,5,1,1,58.82036256209261,64.87741682500989,63.86625896110751,33.88415190299289,2,3,420,72.7379291913801,100.0,0,55.65815087248666,52.32130411986229,Yes,6.6,2.2,Placed,10.09
891,20,Male,8.55,Mechanical,Tier 2,0,6,4,52.53702334629463,71.07721314418127,64.4718615203339,50.79174107108315,2,3,323,74.51861954389409,78.11746202212221,1,53.32843531142576,77.87134863431251,No,7.5,3.7,Not Placed,0.0
892,18,Male,7.25,IT,Tier 3,1,2,3,68.03569725477561,80.83375162075781,88.88078409606982,65.14399238142362,2,5,814,76.29461127804106,70.20371271300658,0,55.9017774844215,41.887018496745554,No,8.1,2.3,Placed,6.98
893,20,Male,8.07,ECE,Tier 1,2,3,0,95.19591863843029,35.51644766833701,79.13979009478315,39.66933428595956,0,6,954,64.42258072897518,77.77253962948777,0,75.21523437755062,60.69644445941703,No,6.0,4.7,Placed,12.63
894,24,Female,7.82,CSE,Tier 2,1,3,2,85.1967104883684,78.0201142697086,72.1193593029484,81.08308315918802,4,4,288,60.254996375136834,73.90716057330717,0,70.98645284776967,35.55975161007083,Yes,7.7,1.0,Placed,11.95
895,22,Female,7.13,ECE,Tier 1,0,2,2,78.61559687175397,65.08833668026803,67.16826620404534,66.20121329196837,4,2,279,74.17838707020347,93.19313202491878,0,60.38739993984979,100.0,Yes,5.4,2.4,Placed,12.29
896,24,Female,6.37,Civil,Tier 3,0,5,0,56.73923295526135,66.62714416839637,76.66568703895713,45.05151188783651,3,4,333,79.31488108363153,91.22366317884224,0,66.20553816348628,54.64578923521382,Yes,7.4,0.5,Not Placed,0.0
897,18,Female,6.52,CSE,Tier 2,3,4,5,81.0503122073028,90.64491900686043,94.12915084325184,57.149119883277606,1,4,244,77.99858942170445,83.70589162657161,0,57.11303793661944,30.354524744539493,No,9.5,3.6,Placed,11.84
898,19,Male,7.68,Civil,Tier 3,1,1,2,61.59116679617635,52.95228969687294,61.15640090624658,46.03390843861911,0,5,250,67.97516133543971,75.80309256921355,0,33.33519098599436,51.547349515570055,No,6.7,1.6,Not Placed,0.0
899,20,Male,8.6,CSE,Tier 2,0,4,3,74.90673575145588,78.57992160432956,60.93752673116459,86.70396520806507,3,6,673,75.18985314127018,67.98325365206423,0,44.70714230155384,49.5808025662484,No,7.8,2.5,Placed,12.15
900,22,Male,8.3,EEE,Tier 3,1,3,0,44.8140092130504,49.78878352672722,55.38047428592488,78.05324505444834,1,6,446,71.77079442896968,72.02402291297348,0,68.21536801028502,45.09748760419622,No,5.7,5.3,Not Placed,0.0
901,23,Male,6.15,IT,Tier 1,2,5,1,78.5756296463097,59.62179469521377,72.39624459156585,64.36747567602087,1,5,471,62.2031034922943,90.8262156816176,1,55.18755422171516,29.1427700429041,Yes,9.3,2.2,Not Placed,0.0
902,24,Male,5.15,Civil,Tier 1,0,3,7,98.67842378944025,86.70218145342798,94.20064090062274,68.12375438076906,1,5,560,71.69714780111912,95.89357508404076,1,78.5504525197056,50.72368455927556,Yes,6.0,3.5,Not Placed,0.0
903,18,Male,8.38,CSE,Tier 3,2,2,2,61.00659713204034,92.2389713875406,80.24576424948008,62.92671851996624,2,5,801,81.7631900620938,96.79474616195404,1,78.72765099013841,59.06421666121309,No,8.4,2.2,Placed,5.2
904,19,Female,8.17,IT,Tier 3,1,2,3,62.92937921924973,60.15504961002405,64.81533064274407,66.0950493055785,1,5,345,61.41987145073335,87.43605594511973,0,80.79285097176982,58.51465104369,No,7.6,5.1,Placed,7.15
905,23,Female,7.4,EEE,Tier 2,1,5,5,100.0,95.6105976550872,45.119649894627344,56.7266212545873,3,6,834,75.43482748512349,78.01239761781379,0,91.85889079482516,65.20805750057359,No,5.1,5.3,Placed,13.05
906,21,Male,6.98,CSE,Tier 1,1,1,0,86.06632228850279,69.26678201582438,60.25792380861219,72.35486147521628,2,5,739,61.977892459149416,86.62200931021442,0,54.89339096858755,61.65477811351004,Yes,6.0,4.7,Placed,9.79
907,22,Female,7.3,Civil,Tier 1,3,4,2,70.44205013612111,59.1148259256544,76.37050039618076,73.09420203665687,2,3,846,70.32147436879627,78.43117367288579,0,75.85355460574075,49.34398477892008,No,5.2,1.4,Placed,12.42
908,18,Male,8.67,IT,Tier 2,1,4,3,77.79585421523971,36.64766393569472,44.85164272450403,71.73283673116383,0,3,392,55.14692407322229,83.24125815197092,1,55.541598132724666,40.455660548120576,Yes,5.6,4.1,Not Placed,0.0
909,22,Female,7.93,ECE,Tier 3,4,2,2,92.46177418729336,56.26596916771201,59.8660439989164,84.9089697802531,2,9,990,77.21517807368356,86.2975695167378,0,91.21453744687447,37.33782250552474,No,5.4,4.3,Placed,11.25
910,18,Female,5.85,EEE,Tier 1,2,0,2,88.32833270032177,86.71305635026712,52.71442119783656,68.81196521125652,0,5,163,77.6514939257564,96.41425342957638,1,69.81826406395928,67.71285487863133,Yes,3.3,2.3,Not Placed,0.0
911,22,Female,8.05,ECE,Tier 2,2,2,2,66.65468082605186,72.83818842219499,77.61882612950347,57.7492217763875,0,4,86,57.593391834349546,85.72577412718279,2,32.83122784981667,26.42014256875782,No,7.8,1.6,Not Placed,0.0
912,24,Female,5.18,Civil,Tier 2,1,5,1,69.39710384424696,44.52496045641276,57.51839335994869,52.15258575401929,1,3,423,65.55137656191135,100.0,1,48.21602420955205,47.74185336766948,Yes,8.3,5.1,Not Placed,0.0
913,22,Male,8.37,IT,Tier 2,1,3,4,84.07611091527436,84.51827013907926,65.0990187233589,59.68428024327483,0,4,916,85.66019349338364,100.0,0,77.83063506535524,41.39023529588463,No,7.8,3.8,Placed,11.24
914,18,Male,7.17,IT,Tier 2,1,4,4,71.66597459677129,74.65396073800792,51.88712357046838,68.71737130311686,1,2,89,69.82038256405315,97.81219730090204,0,30.34409192310627,47.05882833717979,No,8.3,3.1,Placed,9.89
915,23,Male,8.1,Mechanical,Tier 3,1,4,3,79.63021587181596,71.24759256539015,62.99588317517021,52.49326706619284,0,1,53,62.910631846363295,86.9718135852387,1,77.84465758321959,47.488741995204656,Yes,5.4,1.4,Not Placed,0.0
916,20,Female,6.38,Civil,Tier 2,2,3,4,66.7159360175296,57.02505020090602,56.11783061572726,95.41457568143888,1,3,630,93.31002589971678,92.95792080101788,0,35.138878435879235,67.66663663282179,Yes,6.3,3.1,Placed,10.29
917,18,Female,7.16,CSE,Tier 2,3,2,3,56.88898425927797,81.82571670946255,52.825559538131095,56.53258175644452,0,2,921,68.3554306044356,90.58628399872512,0,48.69912834093974,53.6923587827001,Yes,7.9,4.6,Placed,9.93
918,20,Male,6.94,EEE,Tier 2,1,6,1,55.56809320714234,63.06350935228721,75.30052628034403,46.69192936225188,0,8,712,69.91268165488802,94.05022348373984,1,58.91736349681148,48.74309358708774,Yes,7.5,5.8,Not Placed,0.0
919,18,Female,7.07,CSE,Tier 3,3,3,2,57.9930129747376,69.77745587163085,72.60851115489189,71.30205594196468,1,3,347,54.2207751020641,82.97195673879808,0,58.002845459795374,44.32706714305573,Yes,5.5,4.7,Placed,6.31
920,18,Female,5.45,CSE,Tier 2,2,4,2,58.61293164143111,65.14218828672449,52.40668228104232,63.94110785978181,2,3,563,72.8815477731494,97.60243324308736,0,85.76498033762404,52.341597960815655,No,6.6,1.6,Not Placed,0.0
921,21,Male,10.0,Mechanical,Tier 3,3,2,2,84.30057185975451,75.72736417599111,73.50675055336431,54.58746091977725,1,6,756,68.23104718130904,69.63734297078119,0,83.76305673464459,86.42601865815955,Yes,8.9,6.2,Placed,13.72
922,18,Female,7.62,ECE,Tier 3,2,5,3,93.02111680151008,64.26324460596405,68.30682037625125,65.79480581493213,3,4,958,71.0471108239285,90.38526036488712,0,54.6863107537695,37.51416182118008,No,7.3,2.2,Placed,8.66
923,18,Male,8.46,CSE,Tier 3,2,0,1,71.1887629102445,51.82279582819559,59.22417307473957,58.73047503427495,0,2,177,57.93102785157456,75.15650908356929,0,100.0,52.277062019227465,No,3.6,3.9,Placed,4.81
924,23,Male,8.17,ECE,Tier 2,0,3,5,62.31452270257849,46.6545165300176,61.04062554702887,86.8003908953383,1,2,156,53.376988066456896,92.05358115779627,0,65.96083410730795,54.88655976203879,No,7.7,3.5,Not Placed,0.0
925,19,Male,5.65,CSE,Tier 3,1,4,2,54.08154318438838,55.8667999244657,79.15362627959674,33.606505316298446,1,6,65,62.367380904268806,83.15066786771625,0,41.818428432484005,42.192792905286055,No,7.2,5.3,Not Placed,0.0
926,22,Male,6.25,CSE,Tier 2,2,3,3,66.90146579248447,66.45530109616165,58.037689142598616,68.15207118274057,3,4,685,53.768821091964746,75.153854841787,0,49.19903465984762,33.60565799150622,Yes,6.0,2.8,Not Placed,0.0
927,19,Female,8.43,Civil,Tier 1,1,3,1,75.94163581214433,72.20769294065373,57.94806557378631,66.7221874087212,2,6,354,66.06597399362478,94.6531101443192,3,84.44645134738168,66.52043444533427,Yes,7.4,4.2,Not Placed,0.0
928,24,Male,5.46,IT,Tier 1,1,3,2,72.12129207472614,78.48734414680567,64.00509045818411,65.20015982494651,2,2,840,61.71708999439346,81.46715168939842,1,32.871445071538275,50.44062982595325,No,6.5,3.9,Not Placed,0.0
929,22,Male,6.96,CSE,Tier 3,1,0,2,70.18116646524922,70.85205775011468,74.27854161298967,100.0,2,4,608,77.69793547911813,64.46525657093264,2,48.4095887644669,78.22886584765901,Yes,3.9,2.2,Not Placed,0.0
930,22,Male,8.47,ECE,Tier 1,1,2,3,79.01806087469096,98.1119332202984,81.15693053577242,52.02497554415453,2,9,518,78.11733737393303,100.0,0,73.7108058919962,63.101306033166885,Yes,9.0,0.5,Placed,14.87
931,18,Male,8.62,ECE,Tier 2,0,1,1,71.18199135712294,60.31850692750268,76.22122101141643,95.78396524410762,1,3,625,57.916874610216304,96.25156456685508,0,80.60706672346785,60.372636320739176,Yes,7.5,4.0,Placed,7.03
932,22,Female,5.29,ECE,Tier 1,2,3,4,71.6184707107254,54.71011830916367,33.524298633059125,66.7620642124366,0,4,475,64.8865437596921,75.17498304614715,1,54.41235278567249,79.59655983473908,Yes,7.7,1.8,Not Placed,0.0
933,24,Female,8.69,EEE,Tier 3,2,1,4,81.34090864577394,59.44124079987535,60.29809842405127,72.21003373774158,1,7,619,68.33772255238046,73.47501381650812,0,56.34037307613493,52.62698302051843,No,8.6,5.3,Placed,6.48
934,22,Female,7.28,EEE,Tier 3,1,5,1,74.41501903496932,72.05474846974724,62.46469786900136,100.0,2,8,997,80.54215599520715,87.5525957300929,0,42.49711626294357,35.83484178423542,Yes,8.6,1.8,Placed,5.56
935,21,Male,8.78,ECE,Tier 2,3,3,1,74.79083067415112,92.69469786378023,65.46033963121373,57.62918544309162,1,6,267,73.2823204025753,72.57221341554859,1,56.32890899275176,54.569130524161,Yes,8.4,4.9,Placed,9.77
936,24,Female,7.57,ECE,Tier 3,0,5,1,74.01024174649551,40.27798530410805,55.43820691760293,94.38424236813547,1,4,457,63.58371694103853,88.29968104081722,0,42.8006206854378,76.08702087420983,No,8.2,2.4,Not Placed,0.0
937,24,Male,6.93,Civil,Tier 3,2,1,0,79.75017082064423,66.108178031883,76.20249616351927,52.46399862344588,2,7,502,65.36781280276276,90.68248412272764,0,38.31200047083254,74.76982587924364,No,8.2,4.4,Not Placed,0.0
938,23,Male,9.62,Civil,Tier 2,2,2,2,76.6896977098945,45.52893892175574,47.5792094670888,93.9338748254809,1,2,536,72.92211278288788,78.58988239337707,2,31.28931118573771,48.340631396764365,No,6.6,3.4,Not Placed,0.0
939,22,Female,5.77,EEE,Tier 2,2,4,3,46.02147816375848,72.36546698661795,74.0231000386474,80.91106678212134,1,6,895,78.61621869589356,86.98400428014273,0,49.78390442615786,46.68566960862208,No,7.6,5.0,Not Placed,0.0
940,22,Female,6.55,Civil,Tier 2,3,4,4,83.65470758637754,79.02756640204262,66.98840108916028,69.94333688406665,1,4,848,48.86438528482543,64.37602194805922,0,56.838989837495376,40.070063109771546,Yes,5.9,1.6,Placed,6.6
941,22,Male,9.1,Civil,Tier 2,2,4,4,83.46335563611164,55.77598289423624,69.32933867051955,64.31160831243983,1,4,389,71.03575308996547,100.0,0,21.584249247285,75.74116225102651,No,5.3,3.0,Placed,10.79
942,24,Male,7.06,IT,Tier 2,1,3,1,90.78458910730464,64.27488849429642,74.5777427398969,90.04250650514538,0,2,242,47.498261216759815,78.20101618563339,3,96.2026945270852,40.85258795053559,No,3.8,4.0,Not Placed,0.0
943,20,Male,8.42,CSE,Tier 3,0,2,0,59.47987614201976,48.40999027113868,87.85587847318439,45.37353614608283,0,0,622,53.92798431086214,74.11081483325934,0,78.04782067576772,77.43251487958153,Yes,5.6,4.0,Not Placed,0.0
944,18,Female,8.25,Mechanical,Tier 3,0,5,3,79.65823805476839,24.947747924936664,64.09209882616054,64.9998578917698,1,2,966,67.87278870334626,96.9229426200118,1,68.33703418048678,62.03561194642376,No,4.6,1.0,Not Placed,0.0
945,18,Female,8.08,ECE,Tier 3,1,3,1,71.39975863933913,58.55798368123902,76.51380224429077,74.78249341314933,1,2,788,66.17397358243133,95.15583841110842,0,82.14649616740473,32.262468962256136,Yes,6.5,4.2,Placed,8.09
946,23,Female,6.61,Civil,Tier 2,1,7,0,81.44667831891086,46.06945265513663,93.42407718006584,69.02098912688623,2,1,868,66.17847381483291,98.19677494484756,0,61.95646636074557,63.77908350235888,Yes,5.6,2.6,Placed,6.97
947,21,Male,7.34,Mechanical,Tier 3,0,1,2,47.73076517168876,46.39373315035164,79.30459568703638,73.54063268206014,0,1,220,64.70240645028912,75.35856876291105,0,54.0559918302799,78.41002521514662,Yes,9.2,1.4,Not Placed,0.0
948,23,Male,6.84,IT,Tier 2,2,3,1,74.9751804156902,56.30640843326315,69.48487792456658,70.09833989800146,0,1,714,56.19489743167696,84.5680103213243,0,57.021673377957605,27.681819759787288,No,7.4,3.0,Not Placed,0.0
949,19,Male,7.59,IT,Tier 3,2,1,1,86.03739436049042,51.55211573206947,76.76939088835793,84.540805751602,1,5,232,62.220537244363584,72.68656345279808,0,21.99940467867455,52.179006825231184,No,9.6,3.8,Placed,5.68
950,21,Female,9.46,IT,Tier 1,2,6,1,83.17598978088427,84.46734642707581,97.42738192395528,43.61242894956203,1,1,736,70.78863130058753,82.91392705006746,1,68.0973387486179,34.358835425007555,Yes,6.4,5.1,Placed,12.22
951,22,Female,8.18,ECE,Tier 2,0,4,2,67.19258812829054,66.42453971435818,77.95440161532275,80.7635279783926,0,5,623,88.71266504316905,65.29345657900288,0,87.45361117632453,62.2610841870455,Yes,8.9,2.8,Placed,9.73
952,19,Male,8.56,CSE,Tier 3,2,4,1,63.785921513146,50.99034228577769,63.09300531204256,59.069801450464574,2,3,420,81.2912401710446,83.76735201546028,1,53.62166411389144,60.72669177467004,No,7.6,3.1,Not Placed,0.0
953,24,Female,6.22,IT,Tier 2,2,3,0,90.38314312014774,80.1132615750386,65.72808876121579,67.95750745406367,2,4,885,64.36861075217462,87.16813820351847,1,86.14464705207945,60.35770401992317,Yes,7.6,2.2,Not Placed,0.0
954,19,Male,7.34,ECE,Tier 2,1,0,3,84.44110373346055,79.40155261898722,71.43212154117674,73.3442131718395,1,2,194,51.28564067272868,81.65953278505707,1,82.77711834904544,41.97123751514577,No,8.9,2.6,Not Placed,0.0
955,23,Male,8.53,ECE,Tier 2,1,3,1,62.12541797817645,75.96902020736758,77.71493240828241,85.62823632367659,2,8,961,76.34187093992064,80.82977655961727,2,45.08115257309277,53.744489073370666,No,3.9,3.1,Not Placed,0.0
956,20,Male,7.34,ECE,Tier 1,2,5,3,55.213561953396685,53.330280522109305,56.76078723594809,49.11653422791542,0,4,203,39.6236755200894,60.64287666904035,0,75.53059093271511,89.84527603992683,No,8.7,2.1,Not Placed,0.0
957,20,Male,6.83,CSE,Tier 2,3,0,2,55.582389013538375,41.2576314736088,82.07385776216388,74.00091890462967,1,2,218,80.7889776712315,97.14240333674115,0,74.98948504667347,45.67603693453366,No,7.2,1.7,Placed,8.17
958,19,Male,7.34,IT,Tier 2,1,3,2,82.97530408807661,51.71363564545847,50.63207323726027,92.96822980971746,1,4,427,66.57407654875446,69.44302870253124,1,45.14978864732747,24.922982507718206,Yes,5.7,2.5,Not Placed,0.0
959,19,Male,6.82,Civil,Tier 1,1,2,0,48.43807536945496,52.73248314656449,80.61757136006072,69.81821260906767,1,7,759,63.45019415071921,79.20615919007992,0,67.57512763676554,64.88064496163655,No,6.6,4.4,Not Placed,0.0
960,21,Female,10.0,CSE,Tier 1,0,3,1,68.00998040417662,79.45025231302729,56.771939813899536,80.01893187826936,0,4,129,55.38157485347077,75.18369561380939,1,51.40492037817026,23.997776730844727,Yes,3.5,2.3,Not Placed,0.0
961,21,Male,7.52,Mechanical,Tier 3,0,1,4,75.66095188833205,45.260320930987234,57.46501645263831,71.22689104965627,1,5,517,73.74268885936523,98.01667163214148,0,44.75242101035006,9.0305661887721,No,4.7,3.4,Not Placed,0.0
962,22,Female,6.2,Civil,Tier 1,1,5,0,52.30905110330516,59.95930790286272,61.24903701558047,80.36217179623843,1,0,815,68.44218032210854,84.91131586054483,2,28.534056893894824,62.64163661082952,Yes,6.0,3.1,Not Placed,0.0
963,23,Female,7.74,Mechanical,Tier 2,3,1,2,100.0,73.91495015992506,71.87122856116892,76.91759879216426,2,4,685,76.89565756079814,92.92727660075502,0,48.55033388862587,31.18927675419872,Yes,7.9,3.2,Placed,12.9
964,21,Male,6.76,CSE,Tier 1,2,2,1,35.49017510040477,67.98116072514009,65.76078919119135,73.24841340732216,1,1,248,68.64367669375594,96.3375195191725,0,100.0,4.74977702655066,Yes,6.6,2.4,Placed,9.3
965,21,Male,5.61,EEE,Tier 2,0,2,2,63.82642710522351,62.415257896236206,50.916172649043645,47.03167772524011,0,0,348,99.45962895769397,84.17850920966973,1,46.49098986242226,67.35617687853821,No,9.4,1.3,Not Placed,0.0
966,18,Male,9.58,IT,Tier 2,2,5,0,77.71891841881693,71.03284778964498,58.64985809867471,56.83307942764917,1,3,817,56.78832475919246,98.1268286637218,1,59.84652851997903,70.7657201484021,No,3.8,5.5,Placed,9.15
967,22,Male,7.23,Civil,Tier 2,0,4,2,66.92520309163547,99.08136281247036,56.116989607850655,73.53241441003415,0,4,724,55.70112846627608,84.09696238100139,0,15.968669348002004,67.76335033171398,No,4.6,3.7,Not Placed,0.0
968,18,Female,6.34,CSE,Tier 2,2,3,1,70.95315747518713,51.64394817648932,65.38646674782623,97.90772414021552,2,5,125,71.21292209837671,90.2559329553092,0,82.3913980897517,71.81806016049916,No,6.1,3.7,Placed,11.11
969,20,Male,8.09,CSE,Tier 3,1,4,0,60.28012355959408,63.91401122681204,46.83502407217617,91.00095226363896,0,4,288,53.28082077525572,100.0,0,73.81626651491861,69.93304597795763,No,7.8,0.5,Placed,4.71
970,22,Male,9.07,IT,Tier 1,3,1,1,93.949115145996,57.60347507036983,55.53815404666721,63.379670623626815,1,5,404,65.96249100253355,85.84174122245979,1,63.564266821201024,44.292356563858974,No,5.5,2.8,Placed,8.52
971,19,Male,9.36,EEE,Tier 3,7,2,4,62.26296849961041,49.63576705059407,48.8150276340713,63.39507581512771,0,6,282,73.31481619159337,66.56859898462787,0,52.44257147629436,47.22486489057014,Yes,9.8,3.7,Placed,9.14
972,22,Male,9.87,CSE,Tier 2,2,1,1,79.37339597207712,33.37917402958766,56.608179381169705,90.62843706647594,2,2,311,76.91762904605771,54.49262053882042,0,64.32147071513283,0.0,Yes,8.1,3.7,Not Placed,0.0
973,18,Male,8.63,CSE,Tier 1,5,4,3,69.40851214052363,51.124316370571805,48.15402992769201,60.35995431650136,1,6,978,77.73322859055018,88.02146948715074,0,81.49632960340196,77.81363071384943,No,7.0,1.5,Placed,16.46
974,22,Male,6.54,Mechanical,Tier 1,1,5,2,72.97172850665432,75.99011595214276,67.77879122286298,62.68382090092887,0,3,818,85.07731368896255,90.65256222746,0,60.21780547682045,86.43427348448549,Yes,8.1,3.7,Placed,11.39
975,21,Female,7.15,CSE,Tier 2,4,3,5,100.0,52.4953881433882,68.48791367118125,79.77919081545481,0,2,322,43.308281026826734,67.58489653014834,0,77.73305118368987,39.81729129372173,Yes,4.7,3.4,Placed,10.58
976,20,Female,9.4,EEE,Tier 3,2,3,2,65.19114283011643,34.29233189672267,67.82857042598417,81.49083368302288,1,6,547,80.1517665076155,75.16006341020031,1,82.27414977564285,68.98715895334652,No,10.0,3.8,Not Placed,0.0
977,24,Male,5.58,ECE,Tier 3,2,4,2,51.71395582639408,40.78616024346763,76.52681816318108,38.44275634266934,2,2,610,72.26146189673901,89.4464831754232,0,75.08024482470292,30.75967669955785,Yes,8.5,3.5,Not Placed,0.0
978,21,Male,6.88,IT,Tier 1,2,5,3,75.90544193240412,64.13033022262276,50.29240984704465,59.44797484465556,1,3,920,83.56903110030235,91.64506355812934,0,40.10345406028316,72.41258535925928,Yes,6.7,2.4,Placed,10.62
979,21,Male,8.43,CSE,Tier 2,0,1,3,93.22601768569152,60.30457567400335,60.02030411282857,81.73075651746757,2,4,567,80.56060708617362,80.24067456357633,1,22.05907247500748,99.46531491346722,No,7.9,1.1,Not Placed,0.0
980,20,Male,8.45,CSE,Tier 3,1,11,2,59.46550671090358,53.124528827804816,59.41945533619289,42.08502038095348,2,3,499,50.19097685107234,75.93220256101819,1,26.92014460138462,74.86760414339685,No,4.9,4.8,Not Placed,0.0
981,24,Male,6.8,ECE,Tier 2,5,6,3,75.22627768846849,74.71854806012198,83.8722244716246,80.47174474792476,1,3,472,66.59202927111988,92.7964767988912,0,26.21779708641116,90.98145431910228,No,9.4,7.0,Placed,13.27
982,24,Male,5.81,Mechanical,Tier 1,1,2,3,68.75163441766672,76.65066523109728,66.51780690853639,94.34186570792592,2,5,409,70.58270787015944,87.5968969614193,2,64.95321234798315,62.377727887568746,No,4.7,3.8,Not Placed,0.0
983,20,Male,7.35,IT,Tier 1,1,3,1,54.23386048687398,66.48245644077124,64.65079419952743,33.75850464489462,2,4,398,50.28979551684432,76.56853310052388,0,78.30708980274116,65.15668510303527,Yes,7.5,4.3,Not Placed,0.0
984,18,Male,8.91,EEE,Tier 1,1,4,1,73.93476255656131,59.13349867338079,100.0,100.0,0,5,318,76.93635508908436,82.72656528754862,1,84.11492988290425,53.86085322154504,Yes,5.2,5.8,Placed,10.69
985,19,Female,7.95,IT,Tier 2,1,5,3,55.28758835713253,53.71353293851925,65.7055897002562,28.09116147709387,1,2,342,87.51786602455766,87.43205061381448,1,40.01417750721629,43.33569842423516,No,6.8,3.4,Not Placed,0.0
986,23,Female,7.41,Mechanical,Tier 3,1,5,3,49.727064792323006,20.0,46.68811996793151,54.88012038969079,0,4,304,68.64179128586065,78.47306961654002,1,40.60682207558237,45.723063433915314,Yes,8.3,4.2,Not Placed,0.0
987,21,Female,8.77,EEE,Tier 3,1,3,2,78.59932382302311,57.47941093632241,70.71649454487698,72.30022295089992,0,2,406,75.80648206399941,76.23579778166732,1,62.594769688207066,68.37774950176167,Yes,4.2,7.3,Placed,5.66
988,21,Female,5.23,CSE,Tier 3,1,4,3,58.69052294685939,57.66820554859432,91.46123872392477,63.95591530547056,1,2,170,67.40651512545028,79.49121307073189,1,79.6789784899045,51.1477334195673,Yes,5.1,3.4,Not Placed,0.0
989,21,Male,7.02,ECE,Tier 2,0,0,1,69.44783336943827,55.67486657035596,74.17015709296672,71.12034104220561,0,1,708,80.13093525333535,78.72163381870206,0,89.32824503035455,65.16568321142194,No,7.5,4.2,Not Placed,0.0
990,18,Male,7.35,CSE,Tier 1,2,4,0,80.72858693376213,65.62797191442066,67.35323318835214,56.07049283859237,0,1,401,64.9775256564144,96.57226276201152,1,73.28432276010284,43.09330198948095,No,8.8,3.2,Not Placed,0.0
991,24,Female,7.24,Mechanical,Tier 1,0,2,3,72.34043933481131,65.02601492133732,70.94872857781193,84.85350551320046,1,3,347,52.04005321041812,82.11653254719434,0,62.73080931618416,52.919325150021045,No,8.2,2.2,Placed,9.14
992,23,Male,8.52,Civil,Tier 2,0,2,2,60.82421343736563,64.2746865282631,84.89909300845395,78.22384365603693,0,5,784,75.08789806562606,86.70909559008076,6,72.21798973320587,100.0,No,6.6,4.2,Not Placed,0.0
993,23,Male,8.71,Civil,Tier 3,0,2,2,71.8990753870398,82.02071995702399,86.33002310829232,64.80614664072846,0,2,708,80.94401992172897,93.81689835510616,2,20.64077580981292,28.42876240666197,Yes,9.0,2.2,Not Placed,0.0
994,19,Female,5.62,CSE,Tier 2,2,3,0,60.34802867878554,55.67642238961814,81.03794917827923,83.48741085095652,0,2,779,76.65754447939217,84.77869000474261,0,40.52433880529687,43.17920272494142,Yes,8.4,2.4,Not Placed,0.0
995,24,Female,7.26,Mechanical,Tier 2,2,4,2,75.82571525319472,66.80269706573304,49.66016346065105,72.11032599157558,0,5,346,77.64071192688003,78.17175685981627,0,100.0,49.37519492821561,Yes,9.1,5.4,Placed,9.6
996,20,Female,8.61,IT,Tier 2,1,4,2,75.05169072267805,56.10294979984483,65.96354775678434,34.54766899882601,1,4,636,84.13501884641114,89.04374817475176,1,16.018058603086438,81.79128951881424,No,6.2,2.4,Not Placed,0.0
997,22,Female,7.93,Mechanical,Tier 3,2,4,2,79.31655369445174,62.83725826675738,77.74612605519329,54.43014997924075,0,4,84,81.20808879133148,84.57334127347264,0,57.64929780121128,100.0,Yes,5.8,2.4,Placed,11.33
998,22,Female,7.24,CSE,Tier 2,2,6,2,70.44483865227308,68.85488580786864,54.46518103950923,63.33470214418019,1,2,950,80.79862537999207,70.38288277851717,0,37.13131085952395,69.38615840709046,No,6.5,5.1,Placed,10.73
999,20,Female,7.98,EEE,Tier 2,3,5,3,60.266178694821626,82.70099788576358,80.40653315596445,66.60094263761134,2,4,264,67.75445557416572,99.53519441282737,1,60.97725175914706,60.470144447434734,Yes,7.3,4.0,Placed,9.16
1000,21,Female,6.84,EEE,Tier 3,3,3,3,55.55745469785347,89.7211262877833,43.561046022945966,66.442910223326,1,1,635,56.05884278433312,96.76475264411202,1,53.94353383971115,45.01634814791061,No,4.9,3.1,Not Placed,0.0
1001,18,Female,8.76,Civil,Tier 2,1,6,5,55.72045379244085,58.31422085741033,67.53493166823989,55.92368674942657,0,5,852,65.62833272047274,54.10609275532632,0,61.98374346671306,65.31025752643909,Yes,5.3,2.8,Placed,7.66
1002,18,Female,7.54,EEE,Tier 1,3,2,3,53.56996694095762,57.35786504950995,92.9677855307157,76.68381343724728,1,4,330,74.90879792225971,85.96858919987217,2,81.128568357254,67.68119077046434,Yes,8.6,1.7,Not Placed,0.0
1003,18,Female,7.76,EEE,Tier 1,0,1,5,81.10988209523472,72.12197652899812,60.3984475259588,81.37368047983239,2,4,632,60.0893288720062,93.06212451754614,0,17.17801502209595,78.16546948574607,No,4.2,4.9,Placed,9.97
1004,22,Female,6.6,ECE,Tier 2,3,4,1,53.08620697070612,49.133237178128525,81.56223836186449,49.77555301290616,0,3,577,48.42764004939721,74.26240037579774,0,90.57799935420448,56.97763365774306,No,6.1,2.1,Not Placed,0.0
1005,22,Female,8.06,ECE,Tier 3,2,5,3,87.02468402746872,92.35120163102653,62.357268716258375,54.13780352711022,1,2,422,53.77722676673608,85.46389099008042,2,28.67604643127384,52.64627279293291,Yes,8.0,3.6,Not Placed,0.0
1006,23,Female,7.22,IT,Tier 1,0,5,2,80.43424615168547,70.56095033489565,73.86111941204864,53.83062987591567,2,4,435,81.39634048553177,78.16225925372606,2,59.55563851782873,49.05367223589791,Yes,6.5,4.0,Not Placed,0.0
1007,19,Female,7.96,CSE,Tier 3,2,3,1,55.14544834138639,79.11172801285207,50.83590522760976,37.221035064768216,0,3,537,65.121767881629,95.7648606944462,1,44.53376801645836,61.98863212626002,No,8.1,1.8,Not Placed,0.0
1008,20,Male,6.95,CSE,Tier 2,2,5,3,60.52600767987797,61.59806062250108,66.58171317141407,85.53907382738065,0,2,643,60.87862331878704,75.74218409971203,0,57.04224126252063,62.56822968241188,No,6.6,3.2,Placed,9.96
1009,24,Male,6.94,CSE,Tier 2,1,2,1,63.75693024005427,89.869848453354,71.27866449994721,58.18767196846815,2,2,555,81.03555374658984,77.86259759833119,1,61.23131147862173,90.722781345419,No,7.5,2.1,Not Placed,0.0
1010,18,Female,8.55,EEE,Tier 2,1,4,3,83.34493200026832,65.77343539916644,61.24939164525343,89.91789473928569,0,5,660,64.80850127791155,73.72345153197456,0,39.79768551782399,82.06109940915763,No,9.2,4.4,Placed,10.46
1011,24,Male,7.9,ECE,Tier 3,0,2,0,84.26958148122539,56.52059490640855,63.56711650051193,79.38209897907376,1,4,439,75.5142594280079,90.78964795245128,0,54.5164374637894,21.011883454803623,Yes,5.7,6.0,Placed,5.61
1012,21,Male,7.24,Civil,Tier 2,3,1,4,99.57225671593412,58.49514830813535,74.943047505872,38.653185609080936,2,4,951,56.38714669638209,92.0128326411053,0,61.340940963680566,64.04442334234614,No,9.6,3.5,Placed,10.7
1013,24,Male,9.63,CSE,Tier 3,2,2,1,64.23294921730209,50.63512731173907,83.8021183951293,51.39120008315896,0,4,872,79.3753568177832,100.0,1,89.85120909496388,50.822530223066366,Yes,6.2,2.2,Placed,6.73
1014,20,Female,8.56,Civil,Tier 3,2,3,3,63.26077567712116,79.77893461153735,56.71526546674603,84.69993366383154,0,4,788,72.22429851233987,74.1774780620821,0,70.58648218660011,57.05376363859496,No,8.0,2.4,Placed,7.92
1015,18,Female,7.68,CSE,Tier 2,0,1,2,66.46083669482971,29.11508656481668,65.94611164857947,65.03263382314779,1,4,153,41.92048045986967,94.58298284986908,0,34.89558786935446,53.68623803287901,No,6.0,4.7,Not Placed,0.0
1016,24,Male,8.51,CSE,Tier 2,2,2,1,89.89913312471538,56.72155853107695,80.81443315035818,68.71203339238137,2,3,342,41.03258109883911,76.7095850251592,0,44.97176504744301,47.03758282133241,No,4.6,4.2,Placed,9.46
1017,21,Male,7.87,IT,Tier 2,1,0,3,63.96455949366824,57.38282122810318,57.563277158677735,64.50904853446004,1,6,946,71.46121041521377,86.75430341992192,0,69.20908436346494,61.371278158360575,No,8.4,6.8,Not Placed,0.0
1018,18,Male,6.04,IT,Tier 1,1,2,4,48.29348576439281,44.07262753251277,60.237879142386745,54.60880729966024,1,5,951,55.37255248736743,83.91059738568491,1,77.03532819619986,72.3460119600922,No,5.9,3.9,Not Placed,0.0
1019,22,Female,8.51,EEE,Tier 2,0,2,1,54.38382187513215,70.36000709837631,52.26222309611843,75.35776015095368,0,1,782,74.13157056285,74.94450919706385,0,9.050115870158317,69.32706116293663,No,9.9,1.2,Not Placed,0.0
1020,22,Male,7.13,Civil,Tier 1,0,2,3,78.79060276024146,45.145353776874536,83.22521124836554,71.72418225875016,0,2,173,60.28796111699317,89.59032015769608,0,52.04654182723573,72.5289282919822,No,6.1,2.4,Placed,8.98
1021,20,Male,7.37,EEE,Tier 2,0,1,1,38.077451354193656,36.880409786169565,72.11426448050553,88.77092423721504,0,4,619,66.26619791274426,100.0,3,59.5279705309825,31.989709377283443,Yes,5.5,4.0,Not Placed,0.0
1022,24,Male,6.96,CSE,Tier 1,3,4,1,65.84364862493317,66.28870677646626,62.903176755288975,66.37212320986667,2,2,203,78.94621989579701,100.0,0,63.66313816339563,52.16391928324081,No,8.4,3.4,Placed,12.18
1023,22,Male,8.34,ECE,Tier 1,1,3,1,90.50445282201018,84.1487521079296,59.67980034230629,79.06891983706473,1,1,683,81.23561822758143,72.31864731498604,0,67.49699070984006,53.85638282388353,No,9.6,3.1,Placed,13.15
1024,19,Male,6.76,IT,Tier 2,2,1,4,60.71714142732742,56.32033955076775,69.38499253792698,80.55583565952571,1,2,603,72.81665663475576,85.98984336416994,0,59.020056606390135,54.71316213443951,No,5.4,3.3,Placed,10.07
1025,20,Female,8.79,CSE,Tier 2,1,3,2,100.0,69.29132579515856,56.40510464138103,45.61619630362237,2,3,930,72.39336795352905,77.63421233915858,0,45.268593071244666,35.53274349834928,No,6.3,4.8,Placed,12.19
1026,20,Male,7.5,CSE,Tier 2,1,2,1,63.22646829287695,52.3171371998249,49.228804795626274,52.404157142289634,2,5,941,62.19865426244594,75.99186137304298,1,45.26203213121642,58.04367514642801,Yes,5.2,4.9,Not Placed,0.0
1027,24,Male,8.99,Mechanical,Tier 2,0,0,1,86.13910418059669,47.35237788956778,79.88996556681164,39.73097758569003,1,4,98,69.03152994657458,91.52378661540124,1,28.11530931192309,41.98739070737844,Yes,6.1,5.4,Not Placed,0.0
1028,21,Male,7.07,EEE,Tier 2,0,2,3,56.21124638881268,53.61766261273713,80.56140134852832,52.40213252017667,1,10,890,78.71224644433683,93.6650668184008,1,61.97024735800147,52.922128356664025,Yes,6.8,2.8,Not Placed,0.0
1029,21,Male,5.65,CSE,Tier 3,3,1,1,93.00448355277852,57.776293763813705,44.515557446494284,72.22557110002776,0,3,862,69.72670015361044,94.83105572814988,2,76.50157528373529,100.0,No,9.9,0.5,Not Placed,0.0
1030,19,Female,7.59,IT,Tier 1,1,2,2,54.02031706606338,67.46012057178473,75.89651839797794,68.5555696640216,4,5,61,69.409400295812,90.84680652494876,1,47.855087401253925,53.4087405417943,No,4.5,0.5,Not Placed,0.0
1031,22,Female,6.37,IT,Tier 2,3,2,3,78.40876383343542,65.59585550888336,56.32861236406907,70.01757635686974,1,3,483,78.37482594594537,78.33473996377352,0,26.0068219046988,32.96210738024763,No,8.1,2.8,Placed,8.9
1032,19,Female,7.05,EEE,Tier 3,1,2,6,31.46005437820553,71.60450068316082,55.26317906141722,69.24408858952928,0,8,984,76.44635906489908,89.61846399026211,1,89.44595192646027,39.24661477820844,No,6.4,2.7,Not Placed,0.0
1033,19,Male,6.07,CSE,Tier 2,0,2,0,68.29786333486308,50.941402226244094,64.47204897007532,49.3056978780802,0,5,98,64.97799277888788,91.53009573828844,0,52.85218325094946,54.79596735449094,Yes,8.0,1.1,Not Placed,0.0
1034,24,Male,7.1,CSE,Tier 1,0,2,3,67.18854887950886,45.31081591966662,96.00713467796236,40.0167606583166,3,5,329,68.87359201412494,90.03363769059035,1,82.42622638063172,48.05182232336022,Yes,7.2,3.9,Not Placed,0.0
1035,19,Female,6.73,IT,Tier 2,2,1,2,71.89918167904912,43.33634430666052,60.42460011774243,61.0650721522457,1,5,824,88.93972717566217,88.86812445358257,1,9.863021602105237,36.405898288939134,No,7.0,4.4,Not Placed,0.0
1036,24,Male,7.05,EEE,Tier 2,1,1,2,65.2859883613433,80.31441315965797,71.56108518825974,78.7097783429256,0,3,412,69.19960600541171,89.49669930870127,0,74.24197773417383,71.63124393338029,No,4.8,0.8,Placed,9.04
1037,24,Male,8.17,Civil,Tier 1,1,3,3,90.8150718467488,70.71880362898233,69.7949824853398,59.178859417126006,1,3,280,67.40578032821661,95.87812451024747,0,54.46281467395258,48.920965659726114,Yes,7.3,4.2,Placed,11.65
1038,20,Female,9.04,IT,Tier 2,1,2,1,88.3548796645201,71.31936858970019,85.88164978200062,29.02803576630356,0,1,409,79.00410788438589,89.9382299579761,1,35.03166161045629,53.21084255168327,No,8.4,5.3,Not Placed,0.0
1039,19,Male,7.1,Mechanical,Tier 3,2,1,2,91.80009724732751,74.00399009008413,82.07430242975745,69.00104939481156,0,9,326,62.82682450404184,91.78885985457096,1,99.42685996008936,73.45121558641293,Yes,8.9,6.1,Placed,4.72
1040,24,Female,8.58,ECE,Tier 3,0,1,3,80.00439162657706,71.40063187898684,76.99901777591582,70.57642528891336,1,3,401,98.06910431857104,75.76718082776058,1,75.63903065095222,49.30801578261884,Yes,6.8,3.3,Placed,5.02
1041,21,Female,8.85,Civil,Tier 2,2,3,2,41.00432937456746,63.5336186332545,75.57013905640999,52.94303578320636,1,4,892,78.3463825673018,72.06774133228174,0,42.75537853135718,62.94232355186875,No,9.7,4.6,Placed,11.18
1042,18,Female,8.36,IT,Tier 2,0,4,4,54.28509088484484,63.41876384872816,67.49181734925261,66.53034359763681,2,3,337,86.50930248322739,96.13185269441632,0,53.82541908096529,79.61558023253554,Yes,8.0,1.3,Placed,8.98
1043,21,Female,6.92,IT,Tier 2,1,2,4,64.4977834772986,56.17597418901868,81.70366717059171,64.64486569094944,3,2,240,83.442617068982,81.42282729929939,0,63.11283263431788,37.75384029736487,No,9.1,2.8,Placed,9.13
1044,23,Female,8.54,Civil,Tier 1,0,4,0,52.97841117619036,50.97461127893756,78.0634924965417,59.35920375925984,1,2,76,84.49734478666775,89.87086618875965,1,72.47839744299995,8.780387246274266,Yes,6.7,5.8,Not Placed,0.0
1045,19,Female,7.06,Mechanical,Tier 2,1,1,1,65.14304384578377,73.2332610540463,76.53771988965231,58.51991955995752,1,8,151,70.3105006992164,96.80316213645452,0,100.0,53.37573895713778,No,4.4,5.3,Placed,6.82
1046,18,Male,7.82,ECE,Tier 2,4,1,1,70.7468136329444,52.72432228265501,46.51645984062466,85.99821622347558,0,3,813,92.18076166952292,83.63289271149877,0,100.0,65.62561497587834,No,8.1,3.5,Placed,11.54
1047,22,Male,5.94,CSE,Tier 2,0,4,2,58.864527099488285,56.9218033598755,100.0,89.9828520277595,0,2,336,91.21138604179674,80.2215389151372,2,35.15981701927778,76.512014022518,No,7.2,0.5,Not Placed,0.0
1048,22,Male,6.27,CSE,Tier 2,1,2,3,51.1903345761216,92.70886206600008,81.29338271839755,35.50875582975406,1,5,881,60.33779316157689,85.31549304131718,1,60.6186297222851,40.72984094640361,No,6.8,2.3,Not Placed,0.0
1049,22,Male,5.71,EEE,Tier 3,0,2,2,72.31938997045124,79.53785236826576,71.1913649359911,60.81827210593439,0,2,228,47.57340164448423,74.70946518481426,1,45.64726542579329,100.0,Yes,6.6,4.0,Not Placed,0.0
1050,18,Female,7.04,ECE,Tier 3,1,5,1,64.48288586053711,49.63108663265267,60.20911043476145,86.82099238372165,1,4,272,54.592327188662686,80.74734000452115,0,94.63311042083232,51.099957489370254,Yes,6.0,4.3,Placed,6.91
1051,21,Female,6.98,ECE,Tier 1,0,5,1,35.21449985675337,67.26640123371334,58.30950693384908,69.96306990697559,3,0,398,54.37755499216203,75.82699495846352,1,93.77291184702766,59.96155660894452,Yes,7.3,7.6,Not Placed,0.0
1052,18,Male,6.94,Mechanical,Tier 2,0,3,4,59.25051836254157,88.93052845520889,72.32037625699468,33.62725435513027,1,6,320,82.50132724275764,92.19999520363724,0,85.92133785603994,29.858204129195105,No,4.8,2.0,Placed,7.19
1053,18,Male,8.11,CSE,Tier 2,2,3,1,66.26926594900992,94.99350531647995,77.51901021388665,33.00806840115882,3,3,955,58.35695220015185,92.17377944010812,0,56.39881836010812,81.88105246747062,Yes,6.6,3.7,Placed,10.97
1054,19,Female,8.01,CSE,Tier 2,0,4,2,74.16342074845653,53.58472277885205,80.972973216817,59.89580375789157,3,2,928,64.7825974740632,100.0,0,46.61703800467181,28.57366650313823,Yes,5.9,1.5,Placed,8.18
1055,24,Male,8.42,IT,Tier 3,1,1,2,77.6268743623692,74.95564520052847,57.52254153270286,52.4817897316819,2,2,408,89.59766052382591,86.15134341261343,0,34.65605188141441,80.64536492658505,No,9.1,5.6,Placed,6.06
1056,20,Female,9.18,Civil,Tier 1,3,2,1,75.2820915457401,68.40035938119387,83.56346502343335,63.915734819302834,2,1,353,74.62752773748957,82.33502297492991,0,68.77366903118127,78.01837215065095,Yes,6.9,1.6,Placed,15.05
1057,18,Male,8.38,EEE,Tier 2,2,4,2,81.15705679780166,85.2375762204378,73.14475386378325,81.13168408784682,0,4,305,50.1489269801034,79.04726457915821,0,88.49710914117813,62.11663987471815,No,8.9,3.9,Placed,11.74
1058,21,Female,5.63,Civil,Tier 2,1,4,2,93.06044097539224,69.09251896664486,46.13014971867909,71.34532496786457,1,5,748,83.07773404604777,78.48972912003023,1,39.77169461117077,77.46754364220482,No,5.5,2.8,Not Placed,0.0
1059,18,Male,6.44,Mechanical,Tier 3,0,4,3,56.41546997041181,55.166450506065246,80.36936225050943,88.27405626116492,0,1,356,84.07014602578965,91.16561251356504,0,37.1567986200217,58.07244639765468,Yes,7.3,2.9,Placed,4.69
1060,23,Male,7.27,IT,Tier 3,1,0,3,58.509083225008375,56.61483424062396,51.34131021348888,70.7008170071066,2,6,163,66.66855153561865,96.38521329153004,1,57.78146050399261,57.27998425532193,No,5.1,3.4,Not Placed,0.0
1061,18,Male,7.02,Mechanical,Tier 3,1,2,3,77.98054137031401,54.05775370730723,63.83824941293513,85.2832685363833,2,7,947,58.806110987077616,100.0,0,94.91360830226786,53.92336870579528,No,4.6,5.0,Placed,6.94
1062,21,Male,9.29,EEE,Tier 2,3,2,2,64.34201990355257,55.596869231548936,77.87580758551665,65.69483112692886,1,4,979,69.48149604096075,75.3162122842384,1,56.06314979143026,14.167054850477314,No,6.6,4.4,Not Placed,0.0
1063,20,Female,8.0,IT,Tier 2,4,1,5,57.53632614699589,69.03000877053398,74.52579139673462,47.0944068923846,0,2,167,59.98978954328743,100.0,0,32.056531324196385,37.41446284958861,Yes,6.2,4.0,Placed,9.96
1064,19,Female,7.09,Mechanical,Tier 2,1,2,2,78.9317009382048,78.42754135411998,68.28850388437242,68.65607711997332,0,5,185,80.43702624867768,73.72611518239538,0,31.991361624710745,61.82408545203461,No,7.4,3.3,Not Placed,0.0
1065,24,Female,7.05,IT,Tier 1,0,3,2,91.62347283535524,70.94304347903783,57.867453161320896,63.13296482625936,3,6,61,59.8849936698148,62.30193951934821,0,43.847771919637175,71.27879588211991,No,5.7,2.9,Not Placed,0.0
1066,19,Female,7.43,CSE,Tier 3,2,4,2,59.36623239277922,69.71519294715674,56.16259601103086,65.28836798402617,3,1,441,71.00279280807617,94.57393874252703,0,82.07447131634382,62.81405177557983,Yes,7.0,1.7,Placed,6.5
1067,18,Male,5.93,Mechanical,Tier 2,1,3,4,60.94642863750431,50.331239134561926,97.5833501726467,77.72236761551152,1,1,727,47.76117533459556,77.16802763443906,0,98.46662281547952,59.83524099568472,No,6.5,1.6,Not Placed,0.0
1068,21,Female,6.06,IT,Tier 1,3,4,4,99.72039611405164,71.01756399096219,42.87728065404799,36.304099875315,1,7,456,93.03771377461618,81.26208924939853,1,38.264642710825,56.608599353866175,Yes,7.8,3.6,Placed,12.03
1069,19,Male,7.66,IT,Tier 1,1,5,1,47.484256233582784,49.848275207045546,48.51242594189763,61.826201888598376,0,5,345,64.99722263297672,97.16407205630398,0,70.87480822898809,78.36218480903247,No,9.1,4.0,Placed,8.69
1070,23,Male,7.32,EEE,Tier 2,1,1,2,44.19796069603564,71.14636460912592,74.799882387982,76.32015304281438,1,1,503,71.70380041514397,95.04760843060308,1,27.94716821763333,35.54897832256925,No,7.4,4.2,Not Placed,0.0
1071,22,Male,6.85,CSE,Tier 2,1,0,2,92.07379724799507,46.13918036081069,59.385797076364966,71.83174884980136,0,2,198,82.3525921810137,89.98788467774482,0,46.65310055608117,85.13651350770816,No,6.1,2.0,Placed,6.75
1072,19,Male,7.77,IT,Tier 3,1,6,4,51.45137147429355,48.05986107469711,54.44130974989101,74.63470375425705,2,4,883,82.78941582504703,76.19366314920647,0,56.63501630689348,22.67739602696193,Yes,6.9,0.5,Placed,7.04
1073,21,Male,6.96,Mechanical,Tier 3,0,0,0,80.46142149459871,72.64217598939344,65.8723173141282,38.557473399653205,0,4,489,76.83071393999381,62.79438195085179,0,74.55108355215306,47.070158728712265,No,8.2,3.9,Not Placed,0.0
1074,22,Female,8.06,EEE,Tier 2,4,2,2,62.992424369574266,67.71379439678168,73.00826853209672,81.08121144013543,1,1,78,62.18316094591479,75.89006904819537,0,41.35480581710863,56.271180134394655,Yes,4.4,3.8,Placed,9.1
1075,21,Male,7.56,CSE,Tier 1,3,3,2,60.952084501565714,75.28168210259729,83.71109672910956,69.1975529431385,2,4,557,69.71395443921455,85.92915407689951,0,62.35284747188865,43.352885643855394,Yes,7.4,3.1,Placed,15.22
1076,21,Male,7.38,ECE,Tier 2,2,2,0,55.03692439948091,67.47988767654269,84.99350699293582,67.86701352616264,2,5,920,76.99419104881493,96.14020836449728,0,41.36885769076053,53.32232941702956,No,7.0,3.0,Placed,7.31
1077,23,Female,8.48,IT,Tier 1,1,0,2,63.84451128332872,65.53166859088805,62.05566892040928,94.97114557077062,1,2,944,78.6170222739157,84.9347481185904,0,66.89162728934416,28.51382915331269,No,9.1,3.1,Placed,8.7
1078,22,Female,6.89,IT,Tier 2,1,5,0,66.50978891244694,65.43475624502149,67.44943402330678,73.40332289921419,1,3,703,72.34718711892332,94.27698076335568,1,70.80679819760734,48.7201966436683,Yes,9.4,3.2,Not Placed,0.0
1079,24,Female,8.26,EEE,Tier 2,1,1,1,61.06973422623607,63.05554772605591,84.42571161103069,36.54411304848966,2,7,409,79.23038110438094,90.37379648177284,1,79.74948995267977,33.103915395341346,Yes,8.2,1.5,Not Placed,0.0
1080,18,Female,7.49,CSE,Tier 2,1,1,2,38.763996939671614,68.80535104756795,75.33437911988749,55.83553403474816,1,4,460,84.43512477194443,88.94654269237267,1,68.81586861598046,29.85048882728124,No,6.4,3.9,Not Placed,0.0
1081,18,Female,7.36,Civil,Tier 2,3,2,2,68.4957590688038,54.420627279609306,55.14045958622772,68.26970622920605,1,3,914,68.06379178184511,85.01507353151665,1,37.16726790367411,51.812645738056325,Yes,7.0,3.1,Not Placed,0.0
1082,23,Male,6.76,ECE,Tier 3,1,6,1,92.26370216815916,56.0986603395209,68.67436960433488,62.62491521677882,0,2,127,83.46398238070368,93.7399024159358,1,73.40020997061495,63.14969266653256,No,7.8,3.8,Not Placed,0.0
1083,22,Female,7.6,CSE,Tier 1,2,5,2,69.92352396940517,64.93591881632956,79.98705035585573,41.814314174630425,1,6,770,61.744618534435546,67.40456000458197,0,67.10824787901879,65.65508164114082,No,6.1,2.4,Placed,12.26
1084,20,Male,8.71,CSE,Tier 2,2,1,3,76.41445907987803,68.61755840536294,100.0,64.70304519938217,1,5,356,62.39080106343148,84.94291182951214,0,99.45880443679484,72.63691114199074,Yes,5.7,0.5,Placed,14.58
1085,24,Male,7.35,Mechanical,Tier 2,1,3,3,63.079802678960064,49.24969887427207,63.46450692220864,92.40470439948952,0,9,460,90.93876961803318,86.6965521111039,1,47.32378179355735,62.68481366460539,Yes,7.9,1.8,Not Placed,0.0
1086,21,Male,8.23,CSE,Tier 3,2,3,4,63.897995830525694,72.80015434719553,68.87055077040118,80.45628064579083,0,5,797,80.4830999021422,80.21078698850188,0,34.214144238499166,94.67079241069148,Yes,5.0,0.5,Placed,9.79
1087,18,Male,6.5,ECE,Tier 1,1,6,4,69.60819274701541,72.86791623366537,58.78144339687954,93.58199773687714,2,1,311,90.39202124478678,85.24871089406774,1,13.848455057732714,32.107877733468584,Yes,8.1,3.0,Placed,9.55
1088,24,Female,7.58,IT,Tier 3,4,4,1,53.85742483590293,65.70326963855025,67.30374293972689,31.286828954138308,1,9,462,69.57061763263059,93.61306835847066,1,100.0,89.16674408180594,Yes,9.2,4.1,Placed,4.81
1089,24,Female,7.06,Civil,Tier 3,0,4,3,100.0,69.96259180752257,56.670959814043,80.49482734347734,0,4,912,67.58081928192266,87.40483673972564,1,53.339215740993296,50.054311124399,No,4.0,3.5,Not Placed,0.0
1090,22,Male,7.86,ECE,Tier 2,0,4,2,79.28124122627437,72.74864052659333,44.44877249140567,81.75070449971021,0,0,572,67.98849372994138,100.0,0,62.22920600997968,46.30897802570305,No,5.5,2.7,Placed,7.24
1091,18,Male,9.11,Civil,Tier 2,3,2,1,73.11069359892905,46.359264912138414,71.15975872053694,85.92877593995325,0,2,305,62.8565624618428,83.5411092711021,0,58.19482244981598,75.70309984079881,Yes,7.5,5.9,Placed,11.43
1092,19,Male,7.04,EEE,Tier 3,0,6,5,41.33182972756123,60.47188459047403,65.69854423820306,52.286072320304,1,3,822,68.06912535056446,87.51113945947718,0,99.5120731507942,79.54170647726934,Yes,6.8,3.5,Not Placed,0.0
1093,20,Male,9.04,ECE,Tier 3,0,3,2,73.02410432325343,62.51101557053165,71.24583181574012,65.68114527707577,0,3,150,62.51603780107549,100.0,1,54.317380265247,55.541135953276,Yes,6.9,4.4,Not Placed,0.0
1094,21,Female,6.13,CSE,Tier 1,3,2,3,83.02031078779221,44.4380922435985,64.39555032808958,73.53160340941352,2,5,799,70.79684006796386,91.07651091229404,1,83.84971308309964,35.44923030620657,No,5.4,6.6,Placed,8.6
1095,22,Female,6.83,IT,Tier 3,3,4,3,58.8024908540539,60.47410119964502,57.8760288581479,59.28446771767557,0,2,963,76.7901445234756,75.41793031464007,0,94.73195212071062,35.39843360798548,No,5.5,2.8,Placed,7.94
1096,24,Male,9.19,ECE,Tier 2,0,2,0,88.90922356695054,92.66282705614584,27.991473076159977,46.573339366625504,2,4,57,70.64483856358902,99.28324917746782,1,78.58000361386644,42.813659902032114,Yes,5.8,1.0,Not Placed,0.0
1097,19,Male,7.84,IT,Tier 3,2,6,1,69.28437349425732,38.87282073461541,53.99073066610079,56.71755870495674,1,0,190,77.99386871772408,83.64989672750706,2,39.26080504095495,42.09278984623767,Yes,6.1,5.1,Not Placed,0.0
1098,24,Male,9.79,CSE,Tier 2,3,3,1,60.76082626444174,88.74228115081972,56.42350599483261,51.63848469444643,2,5,441,90.79498487684418,77.0731798016719,2,45.76579257966928,32.87890189227957,Yes,9.0,5.1,Not Placed,0.0
1099,20,Male,7.63,IT,Tier 3,0,3,2,42.99756488956663,67.90847489585403,77.10866621150703,68.22861102451249,0,2,705,78.17166468003575,82.84753831618195,0,62.05946793680003,53.54025453024286,Yes,7.0,3.2,Placed,4.64
1100,19,Female,6.77,Civil,Tier 3,0,4,1,79.02669557206713,67.39170700360084,65.1523274134503,70.53136641417302,1,4,448,62.31200685165792,95.10271238464324,0,42.66427433007851,79.74239702522985,No,6.6,2.9,Not Placed,0.0
1101,23,Male,7.35,IT,Tier 1,1,1,2,46.083252585436576,86.31311541682487,46.14964499446161,51.68944589471741,1,2,354,74.58538600953709,78.58906075855951,0,79.21215146077735,13.276074772438278,Yes,6.0,3.8,Placed,9.36
1102,19,Female,6.15,Civil,Tier 3,1,2,1,45.83592413678191,73.63192328079116,95.10600895030638,57.95385601404921,1,5,403,72.72826663162361,78.47001201696428,0,49.46289805286718,20.7366379903345,No,9.4,2.5,Not Placed,0.0
1103,21,Female,10.0,CSE,Tier 2,1,7,2,52.0952683836768,73.00469982653675,63.57886642977549,34.27071169897146,1,2,77,68.44398723698764,99.9819666629649,1,73.34069382357777,66.2296046507625,Yes,8.0,3.6,Placed,9.23
1104,22,Female,7.64,CSE,Tier 3,1,4,0,87.2874622689769,100.0,46.64459018289644,56.66976217501946,1,3,318,74.65322828895918,72.49378626524245,0,51.219930723732936,85.80571290991983,No,7.4,4.1,Placed,6.77
1105,19,Male,7.32,Civil,Tier 1,0,4,2,69.86275867014292,72.71084815874006,70.47792194489728,53.78036865220263,2,5,638,73.05971745684185,93.46191738128786,1,43.53221167540366,46.32436255919894,Yes,9.3,3.0,Not Placed,0.0
1106,22,Male,6.1,Civil,Tier 3,3,3,3,78.14244289188844,60.91026064361705,70.26462821146835,38.15477125895094,0,6,599,82.57300682320894,95.32065220467511,0,21.23845236623606,70.44288065469826,Yes,6.3,2.3,Placed,6.01
1107,18,Male,6.62,ECE,Tier 1,0,2,4,53.04139412851042,61.77585103893657,56.72453933556031,82.45329479719912,2,0,653,68.81442820508768,77.81988839779223,0,30.67514626235078,80.48370954263859,No,5.0,3.0,Not Placed,0.0
1108,20,Male,9.26,IT,Tier 1,1,1,1,45.74113622254238,61.68796462774831,80.8117749293852,89.07441353323466,0,2,124,90.30571351835285,89.7304371332562,0,92.55081927595774,47.55406177029665,Yes,9.0,3.3,Placed,10.54
1109,20,Female,7.45,EEE,Tier 2,1,3,2,76.78101002924996,62.44180368850809,49.34716691462181,66.00130539462293,0,2,134,72.55490487919832,69.3650935265095,0,85.65824092466153,66.58856711247753,Yes,7.2,5.0,Placed,7.81
1110,22,Male,7.49,EEE,Tier 3,2,2,0,81.79744501892893,78.12940929729749,44.8352346250998,47.21023263172021,2,4,590,81.38747206550832,91.48902481702235,1,55.66786528350299,28.21070159774773,No,6.5,4.0,Not Placed,0.0
1111,24,Male,7.47,CSE,Tier 3,0,4,0,62.87147275475668,61.40761975017041,56.032533180750406,54.05493845040613,0,3,356,82.34198705991544,79.74104404430737,0,92.78202671608936,68.16637255969931,No,3.8,3.5,Not Placed,0.0
1112,19,Female,8.24,CSE,Tier 2,1,1,5,58.1180970116954,64.42442571776269,56.32804667863389,61.74180009486398,0,3,175,84.84951168756365,97.3371637221291,2,82.0625727368433,57.28396827249149,No,6.4,5.2,Not Placed,0.0
1113,22,Male,7.4,Civil,Tier 1,3,5,1,62.68751469572558,46.09603177299361,85.44749581515569,52.702077168092806,4,2,941,63.95618301491307,85.12534444066178,0,18.581506779048887,38.46777094200931,No,6.3,0.7,Placed,12.93
1114,24,Female,7.95,IT,Tier 3,1,5,0,46.7652301295827,64.27844031169579,59.77664255617287,50.65528801354756,2,5,633,63.209804845003575,74.64666518412452,1,49.54691064251106,86.85046591589295,No,7.1,3.4,Not Placed,0.0
1115,19,Female,7.9,ECE,Tier 2,0,3,1,78.09312378311289,79.76498043181077,50.6999562732583,77.0430318158905,1,2,739,69.46890884377075,66.7967310219479,0,61.7784440712366,38.56839067759114,Yes,8.5,5.7,Placed,7.79
1116,20,Female,8.75,Mechanical,Tier 2,1,3,3,60.63638701241179,27.8371902835676,53.52281666085123,77.33990544252971,0,10,923,77.89912038193373,76.59595182053674,3,95.13510076170562,51.16023985530284,Yes,7.1,5.3,Not Placed,0.0
1117,21,Male,8.35,IT,Tier 3,1,5,0,33.35071521280098,46.83846487017749,72.63716720493305,53.553877125835605,1,7,802,55.52416775300165,81.70896629729974,0,59.800366515308006,74.60389174692028,Yes,7.7,2.5,Placed,6.87
1118,23,Female,8.81,CSE,Tier 2,1,2,2,80.58419571138579,30.029246192281384,65.51749680854337,63.44400422357748,2,5,538,90.35933159635424,82.0539665822042,0,82.46799577954013,57.04437259468492,Yes,4.7,3.5,Placed,10.39
1119,23,Female,8.87,Mechanical,Tier 2,6,2,0,88.140861109243,82.01873155831257,79.60364310290532,34.071256679308654,4,4,351,63.78905523158807,82.27141910420241,0,41.238031569295536,79.67327618334491,Yes,5.7,4.0,Placed,12.68
1120,19,Male,7.17,CSE,Tier 1,2,5,0,56.87742383592709,60.66443000050068,59.9249751808285,70.53234987126004,3,11,947,65.78101222632088,74.21945918915276,0,55.91427501633567,71.07827904028473,No,3.1,5.7,Placed,13.1
1121,19,Female,7.0,CSE,Tier 2,2,3,3,78.81262769201794,53.27957304011243,76.58939317465442,67.09109975183428,2,4,807,82.61542029183596,84.19644519302204,1,93.40359222504782,71.58861031695608,No,9.8,2.9,Placed,8.57
1122,22,Male,7.24,ECE,Tier 2,0,0,6,78.6393040227781,63.28650238748367,58.28618527949129,45.44483145164583,2,4,666,69.10781170748045,100.0,0,44.13772256585296,90.07921711128664,No,5.5,3.2,Placed,7.18
1123,19,Female,8.69,IT,Tier 3,1,1,1,91.634660149941,46.28127611242199,70.3053742873155,65.35904528106998,0,4,652,60.53806416155996,99.12079214477268,0,70.56918995079916,50.96491483342309,Yes,4.1,2.9,Placed,6.49
1124,23,Male,7.63,IT,Tier 1,0,3,1,76.90413644859466,68.55850413945645,63.43489302038272,52.61205483970089,3,5,380,57.02718980580795,68.896420449738,0,64.58528265778955,79.05609820457266,No,3.8,3.3,Not Placed,0.0
1125,18,Male,8.18,Civil,Tier 3,3,6,1,68.77993564789087,89.5096175660637,66.80203942158602,70.43242216169581,0,4,136,54.90917162467617,77.70842250153511,0,75.33754406355627,52.46677728210703,Yes,6.8,3.1,Placed,11.55
1126,18,Male,6.4,CSE,Tier 3,1,4,1,74.25123918171545,67.63097449962207,75.48211695558514,68.56117133026137,2,8,641,81.3065095057199,78.96748438024966,0,75.55190036837574,72.24989315442956,No,6.8,3.2,Placed,5.16
1127,22,Male,7.49,ECE,Tier 1,1,3,0,79.8369076470025,94.7101514866858,67.07354873826989,62.53295716325875,1,1,375,84.31914693619994,83.07047939005582,0,71.86990219536847,46.638511350686805,No,10.0,4.1,Placed,11.68
1128,22,Female,8.82,IT,Tier 2,1,5,2,83.14768857004238,52.58584289718063,68.07381105951688,64.62993102404687,1,3,831,67.40749673810795,94.30374993961456,0,46.65459321712993,67.71087538832245,No,6.9,3.6,Placed,9.66
1129,20,Male,9.37,CSE,Tier 2,2,3,2,94.46297993722746,53.680917629373255,60.50206400952798,43.91728305041438,2,6,170,71.98872570138137,85.31214569192906,1,70.6662863348508,48.60815405392808,No,7.2,3.4,Placed,8.31
1130,22,Male,7.08,CSE,Tier 1,2,1,3,66.9353607889511,68.56500045661298,60.828307501084254,51.52644677643772,0,4,766,72.4460956207692,84.51618433059795,1,88.44623923621647,62.26471143574048,Yes,5.2,1.8,Not Placed,0.0
1131,24,Male,7.2,ECE,Tier 2,3,2,0,78.7296031281289,76.62303983581269,36.236266861423225,48.29800357806776,3,4,839,86.92110442045274,90.2491440664678,0,51.0076598621127,52.64688407090458,Yes,7.4,4.0,Placed,10.62
1132,19,Male,7.02,Civil,Tier 2,1,2,1,59.88747652503723,63.12655365124774,72.39962023041436,81.31038731844113,0,3,378,82.87715914648665,84.88439691839591,0,56.22798844802109,55.091362823916754,No,5.4,0.5,Placed,7.07
1133,18,Male,6.32,CSE,Tier 3,0,2,2,67.72399400326046,64.24194437239723,61.387083263821566,63.00232198877222,2,6,979,84.77890896529394,71.36333778918518,0,86.33340962494258,48.84700432779181,No,6.9,5.5,Placed,5.36
1134,22,Male,6.19,Civil,Tier 3,3,4,2,59.11509847583896,98.87909437293048,69.20759222329663,85.27278995457581,1,3,658,68.71665179347896,86.76997470445072,0,58.024522277828936,47.96543375582783,Yes,5.7,5.0,Placed,8.79
1135,22,Female,6.66,IT,Tier 1,1,3,8,100.0,54.81454499114037,92.77272274005828,54.38681744991737,0,2,246,70.32544927061994,80.17402315771035,0,84.69606830315037,69.47935854438856,Yes,6.8,4.6,Placed,11.87
1136,20,Male,8.68,CSE,Tier 2,3,3,3,92.24291739850548,80.40908114072012,85.34107753357347,89.58178384785715,0,5,65,61.67249180773912,77.50810098231558,1,39.0373613155154,66.94773175312199,Yes,7.9,2.4,Placed,12.02
1137,18,Female,7.53,Civil,Tier 1,2,6,3,68.28244594635007,57.88699751538029,71.80555584865552,74.65260740293867,0,8,133,68.18568845883502,90.759166234322,1,70.01695034553603,79.61762464411136,Yes,6.7,3.1,Placed,11.87
1138,18,Female,5.5,Civil,Tier 2,0,1,2,71.14036810235184,97.49780403921616,82.34686319176569,73.64442791052508,2,6,668,86.54832803438501,84.77305069088413,0,34.74304825664106,77.39835409308795,No,6.8,4.0,Not Placed,0.0
1139,18,Male,9.27,IT,Tier 1,1,3,2,100.0,55.97072682003105,86.64703023825118,40.407407654386,2,4,504,65.58923184410521,74.06452550530072,2,69.66170462393363,31.74643540048608,No,7.0,4.4,Not Placed,0.0
1140,23,Female,7.78,Mechanical,Tier 2,5,5,2,81.35669767236574,46.176257516333486,86.87673397634157,69.65316734701742,2,3,832,91.91484452381997,88.59118236204486,0,75.24575377699574,93.36912531009122,No,8.1,3.0,Placed,15.06
1141,21,Male,8.96,Civil,Tier 1,1,6,2,68.53186276448761,51.63291956105989,82.17394667314863,48.49599531646875,2,4,439,64.46994330131949,71.877932580435,0,33.666444605777315,6.808498425120668,No,7.0,7.1,Placed,11.13
1142,22,Male,7.82,IT,Tier 1,1,1,1,76.68650260549012,29.703802018861506,49.72607655443274,68.78777529546261,0,6,562,77.72021856319657,84.63575515183256,0,96.0159848007695,51.90723011489149,No,7.3,3.6,Placed,10.76
1143,18,Female,7.99,IT,Tier 2,2,2,4,79.90168038952523,83.03477791392655,74.48973339299125,61.96561473879015,1,7,774,70.64118441291704,78.67350244791803,0,92.85907565556847,75.85043292893775,No,7.9,4.5,Placed,11.83
1144,22,Male,6.84,Mechanical,Tier 2,2,2,3,71.16503455494467,79.97628136315988,73.81789027698152,88.18276662396653,3,5,810,61.56953302895978,100.0,3,61.55859267397263,43.74540672939498,No,6.6,5.1,Not Placed,0.0
1145,22,Female,7.99,EEE,Tier 3,2,6,3,78.9679741392713,71.6423126963289,68.23470675265321,58.4120661208986,0,4,660,58.49543918999184,88.01043829041978,1,63.47247380004514,20.82523419715285,Yes,6.7,2.8,Not Placed,0.0
1146,18,Female,6.7,Civil,Tier 2,3,4,0,49.40162146738189,75.2869922268431,58.873838916498336,53.71081284212283,0,3,717,57.487799475863056,86.11928516112201,4,72.75990598889977,65.24188391637465,Yes,4.5,1.4,Not Placed,0.0
1147,24,Male,9.86,EEE,Tier 3,2,0,2,82.09266380100235,74.00515426449826,49.54299146401986,38.52096934202203,1,7,721,75.71434908636711,91.64069244495464,1,27.146498003254507,45.70741303259754,Yes,4.2,3.7,Not Placed,0.0
1148,23,Female,7.79,IT,Tier 1,0,0,2,44.96153105516164,70.61392853683502,69.29153186295807,57.461374980144086,1,8,843,72.87239629745929,85.72792537077237,0,41.54036060524767,94.63267704199288,No,7.4,4.2,Not Placed,0.0
1149,23,Female,6.53,IT,Tier 3,0,1,0,51.04841064914192,100.0,55.38607333177158,60.28962155652435,1,1,60,55.52247904552132,79.33743576754765,1,84.11715280146184,28.000354429835163,No,5.4,2.2,Not Placed,0.0
1150,23,Female,7.92,Civil,Tier 3,2,4,3,91.2206124063537,81.98354901611631,66.95646952580617,83.47007971284214,1,3,601,68.18981560319872,98.77677711134018,0,66.88137833393212,67.50012450140812,Yes,5.5,2.2,Placed,9.85
1151,18,Female,9.21,EEE,Tier 1,0,2,3,59.88306203890177,61.02330744388962,68.479959231662,51.36212676460615,2,7,959,62.65224070393669,97.29944534417322,0,66.27450594376181,74.61570127945556,Yes,7.8,6.4,Placed,10.19
1152,22,Female,6.58,Mechanical,Tier 1,3,6,1,74.96682365786891,58.972633763430224,73.49462309054914,71.48839827023212,4,4,560,71.26678052898085,84.93156748988936,0,21.81513509450073,73.77296273880589,Yes,5.2,3.6,Placed,11.46
1153,20,Male,7.39,EEE,Tier 2,1,1,4,86.10224107750373,73.90535236747569,81.85650237529221,91.33600691361548,1,2,212,60.29674594034739,88.2479092509911,1,67.27490887706928,68.75453715999743,No,6.5,7.8,Not Placed,0.0
1154,18,Male,9.24,Civil,Tier 2,3,3,3,63.67544663619546,78.24716407989266,63.167488700597474,92.81256783395746,2,13,743,53.820575249896535,94.19518984715204,2,54.51251681189137,29.77158561686317,No,6.2,3.2,Not Placed,0.0
1155,19,Male,7.96,EEE,Tier 3,2,3,2,64.49909066955392,77.87746627572804,62.08520859979678,69.7755222504034,2,2,995,65.43799517372456,79.55942065358329,1,71.51967490971168,49.251789303230936,Yes,7.1,4.0,Placed,5.89
1156,19,Male,6.59,CSE,Tier 3,1,4,4,86.90210129097674,42.63173613291178,59.39066179466538,70.39495612938414,1,3,334,54.344624387731,83.190450231681,0,76.61320827777705,52.95096907073707,Yes,5.9,4.3,Placed,6.67
1157,22,Female,7.69,CSE,Tier 3,1,4,5,41.11999943601249,49.84586361137971,69.79786174061272,77.33955684515931,2,6,390,63.806058639991406,75.99693013115409,0,60.97991761040597,33.85943069626683,No,6.8,1.8,Not Placed,0.0
1158,23,Female,6.55,IT,Tier 1,2,3,6,48.46737436065828,50.32551561701551,51.50004193074979,77.41579086726982,0,2,641,59.515158396203454,76.22690221149963,0,85.23007558865396,86.03886653661476,No,9.3,3.5,Placed,12.19
1159,19,Male,8.65,Civil,Tier 2,1,8,2,76.57844668831855,46.76131191121195,78.97353584199043,53.322770738676056,2,6,799,65.54779975036558,71.01548367705813,0,79.17499537294809,22.2835382961688,Yes,9.1,5.0,Placed,11.58
1160,18,Male,7.05,Civil,Tier 2,1,1,2,77.71436795149631,79.59909119041193,43.942475778600006,72.21939923833276,0,6,435,56.61879139116451,74.97600411460641,1,100.0,91.61448521568911,Yes,10.0,4.4,Not Placed,0.0
1161,18,Female,6.89,Mechanical,Tier 1,3,1,1,59.91403595702514,50.41693761581191,83.27359346768651,46.33872519277774,0,1,847,59.92363803775911,96.7036817749874,0,39.36140829196081,72.62049726633417,Yes,7.9,4.7,Not Placed,0.0
1162,18,Female,8.1,EEE,Tier 2,0,8,3,46.21753158610591,65.03140318256986,84.97531378970498,61.94264805996698,0,4,382,57.237033890847584,88.24408020138851,0,72.06541363399046,71.67190609199245,Yes,4.7,5.4,Placed,10.47
1163,18,Female,7.43,Civil,Tier 3,1,2,1,88.30814734139351,57.81011760626991,100.0,62.22381297072848,0,2,758,83.54052733289716,66.11965059218826,2,62.26256573611504,57.60283320667025,No,5.1,1.8,Not Placed,0.0
1164,22,Male,7.16,IT,Tier 2,3,1,2,76.93625681982749,62.43686854742676,76.07185769461583,66.1311335748381,1,4,701,62.452150939025394,92.7589415313604,0,83.65952487845747,46.623308042453424,Yes,6.5,3.3,Placed,8.18
1165,20,Female,6.84,CSE,Tier 1,1,1,2,69.93927655093685,53.82572739364844,71.02461164071765,60.88818281144406,2,4,283,81.2312959332956,85.58711707592416,0,84.62598407046582,74.83494806314832,No,7.9,2.7,Placed,11.14
1166,21,Male,6.7,CSE,Tier 2,0,0,3,100.0,63.16856595546856,86.12804729886827,57.20419257702913,3,3,512,64.64347038625553,81.68416541042859,1,45.60927471965299,76.6171315671442,No,6.3,3.9,Not Placed,0.0
1167,24,Female,7.25,ECE,Tier 2,2,1,2,71.45905512106438,49.6490631221082,84.65964837004671,85.98696218529165,1,2,996,77.6548175737507,100.0,1,82.2369770618757,64.93827784600764,No,6.7,2.3,Placed,6.93
1168,23,Male,5.94,EEE,Tier 3,2,4,3,41.539031803826255,69.6791636528148,97.83495188646636,72.88060542640982,0,4,163,86.95181001056343,69.73138891289871,0,23.08769271196085,56.84476669904972,No,6.6,4.4,Not Placed,0.0
1169,22,Male,8.03,CSE,Tier 3,1,4,2,98.64659534905825,78.04681779225486,61.53838325387476,57.82293180747384,0,9,906,59.3626895805275,81.614956097349,0,58.9008870693615,48.73833784331867,No,4.6,3.9,Placed,8.36
1170,18,Male,9.3,IT,Tier 3,2,2,2,97.30527208818673,52.306377784379805,58.42954808524506,75.53447240529246,1,5,171,55.779634356829874,75.83166408558426,0,64.13089455016748,59.65262508824228,No,9.7,4.8,Placed,9.92
1171,22,Female,6.27,CSE,Tier 3,2,3,3,78.55025910316408,39.88031239982051,54.716143352839474,76.39291956975273,1,6,51,78.0105299233176,100.0,3,68.43296256186798,69.28022684167664,No,5.5,6.9,Not Placed,0.0
1172,21,Female,6.3,ECE,Tier 2,2,2,0,67.908957528829,57.10209805179938,77.86791871136552,65.64254691793312,2,3,923,67.73188362696126,76.24017090737232,2,57.68915243074669,45.71908834763704,No,7.7,5.2,Not Placed,0.0
1173,18,Male,7.93,CSE,Tier 2,4,5,4,47.17571226145137,71.40415052894167,41.9170373075434,81.56574067961657,3,7,299,56.338165026635416,88.04105109362865,0,40.9534265822808,68.62454039429824,No,7.7,1.6,Placed,11.81
1174,22,Male,7.34,EEE,Tier 1,2,3,1,66.76253044165465,65.06587683135747,90.89718154870758,68.24554253681002,3,3,138,67.75264818877919,81.38148688263905,0,63.93811473529941,45.36180568219995,No,10.0,4.5,Placed,11.85
1175,18,Female,6.93,Civil,Tier 1,1,2,2,55.43739829570916,95.02941040431512,52.49309177566996,62.2245646678769,1,4,727,79.4743181563711,64.38573623978414,1,67.85431634719788,49.391615793527,No,6.5,5.7,Not Placed,0.0
1176,18,Male,8.84,EEE,Tier 3,1,5,0,74.88955106089702,83.26219537391466,72.68898719181675,66.6034834502493,0,3,713,82.69363520176088,73.30051288672986,0,90.76351262236447,60.3324062032228,No,4.8,3.6,Placed,8.15
1177,20,Male,6.93,ECE,Tier 2,2,2,4,81.81795739031264,46.75902464488303,72.7754917026324,86.97556009513255,0,2,254,77.48081833353277,96.0131177949756,0,52.34226748765031,79.55150967851235,No,6.7,2.7,Placed,7.58
1178,21,Male,6.08,ECE,Tier 1,4,2,3,70.23832910199592,73.13135024233486,59.66731177431088,29.25840119158309,1,5,591,71.92742010159783,100.0,0,70.56097442026304,78.86812034882531,Yes,4.2,3.0,Placed,11.8
1179,22,Female,7.48,EEE,Tier 3,1,2,3,57.603330244115206,77.25616482233262,59.28992187693504,95.99890296918382,0,3,543,90.25412785240005,89.24959950984183,1,77.10464017665024,60.13690726364111,Yes,8.3,2.3,Not Placed,0.0
1180,21,Male,6.79,CSE,Tier 2,4,1,1,55.46205413740186,68.9928549271736,74.56795077674923,88.8707663989723,1,2,622,87.35484134202808,100.0,0,76.45009679617951,44.095423071294086,No,9.5,8.5,Placed,7.84
1181,19,Female,10.0,CSE,Tier 3,0,2,2,85.43148046334505,46.50009589078772,71.72439787281594,64.25877377131651,1,5,657,57.27372762164717,86.6293543099719,0,63.27169398270842,90.17430232467868,No,7.1,4.7,Placed,7.04
1182,22,Male,7.19,CSE,Tier 1,2,2,4,56.92813078314386,58.25114752568491,69.94465358778619,93.07651957191968,2,3,971,74.42405303269015,84.21214128708063,1,100.0,0.0,No,8.1,4.3,Placed,9.32
1183,20,Male,7.49,ECE,Tier 2,1,2,0,62.62351305344285,72.71225614483407,49.08208852575194,72.63985226975645,1,3,327,73.82110841383158,76.19355838154472,0,78.18074743574292,21.29925733275733,No,8.0,3.8,Placed,7.13
1184,22,Female,8.39,CSE,Tier 2,4,3,2,67.87366742507888,61.34475697735524,76.36068560082899,57.10428258713953,0,8,630,73.66501969578405,91.18973087419192,0,68.16764640108846,42.49566159319041,No,6.1,2.7,Placed,9.6
1185,23,Male,6.24,EEE,Tier 3,0,3,4,76.10593041564985,68.70157069566709,67.05364852627157,56.258546216895226,3,9,433,68.00927951759925,71.48935952968822,1,56.11070448270264,38.421618651973446,No,8.6,3.2,Not Placed,0.0
1186,23,Female,7.04,EEE,Tier 1,1,7,4,77.1601972468386,72.41345050357994,74.84632824825866,64.97463735726859,0,3,108,43.81719018089322,75.28311793060317,1,70.87506960800627,55.82368977923456,Yes,7.3,3.5,Placed,8.63
1187,23,Male,6.62,CSE,Tier 3,4,1,3,73.44537637548397,47.92335395199741,45.75992704093356,63.14545151127945,3,6,239,78.42254395183122,100.0,0,81.86304535499792,31.58669018380237,No,7.1,5.3,Placed,5.76
1188,20,Female,9.25,CSE,Tier 2,2,1,2,71.8968626079645,72.14574101941253,78.23453983392704,32.75928976656119,2,2,84,69.96011058867761,83.30644184285715,0,68.5042525770429,77.45109290823407,No,7.6,3.9,Placed,10.21
1189,22,Male,8.09,CSE,Tier 2,0,2,1,53.969633101733336,85.17367751549276,67.06121806075322,64.92223768468237,1,4,753,65.79809338832128,87.52925651598798,1,76.78500596430625,55.99249572716035,No,6.0,4.5,Not Placed,0.0
1190,24,Female,8.5,IT,Tier 3,2,3,1,65.40394335343177,59.32718629323714,54.425982735480126,70.40473993554983,0,5,141,73.25731478987447,74.09595861872756,0,63.57442082186375,63.61058080818347,Yes,8.9,6.8,Placed,6.27
1191,19,Male,8.15,Civil,Tier 2,2,3,4,83.55045706762053,53.52333659134143,53.79714233860156,90.24653416116304,0,4,214,66.04975183824712,88.22972639190579,0,72.5817057994225,59.02617935494205,No,8.2,4.2,Placed,11.1
1192,18,Male,7.67,IT,Tier 2,3,5,4,53.76206075465802,50.11745861031319,65.41196214054229,73.21075800380449,1,4,202,83.74983746330965,100.0,0,73.08726041069886,49.73819047585316,No,5.5,1.5,Placed,10.2
1193,24,Female,7.47,IT,Tier 2,1,6,3,78.8614568260356,44.0024815432876,82.4523883513812,55.84156667311502,2,3,551,86.41321668890754,87.92045141505575,0,76.58725536399638,59.03045271572299,No,4.8,1.3,Placed,9.8
1194,22,Female,8.47,Mechanical,Tier 3,1,5,3,75.68153817173483,32.80437882807816,79.7447234025451,51.06755332594617,1,4,569,78.70652890959815,77.85412182878298,0,76.52816801659051,53.5157668378179,No,8.6,4.4,Placed,8.04
1195,18,Female,6.62,IT,Tier 2,2,5,2,82.10432937278819,56.000729744536336,35.43754202158641,69.57661132277674,1,5,552,48.08793218584093,88.11054880487956,0,55.43116467167981,40.315441026271245,No,6.9,2.1,Not Placed,0.0
1196,22,Female,9.31,CSE,Tier 3,0,3,2,73.19319782452838,57.21744648765827,77.49445290106237,69.4386362202179,0,4,598,83.30925470446051,92.204035873575,0,42.70320734920553,25.58338382115931,Yes,9.0,2.5,Placed,6.93
1197,18,Female,7.08,CSE,Tier 2,1,1,2,62.40599211281656,74.06681180277016,64.2687181817413,91.03499702243442,1,4,732,69.0007769078475,77.87134511784495,1,50.882817035746754,43.26707191503146,No,7.3,3.0,Not Placed,0.0
1198,20,Female,7.49,Mechanical,Tier 1,2,7,1,65.15781031681757,87.38707963868077,87.88790100104077,53.4906956524379,0,5,332,70.96747184041104,90.52919283107492,0,36.76136940807703,51.26623356387506,Yes,8.3,4.3,Placed,13.39
1199,24,Female,6.43,ECE,Tier 2,0,3,2,76.41671487144262,45.82417120158165,77.12467768766508,74.46110247233668,0,2,982,69.50478039734816,86.64727262022292,1,65.47695872074677,28.869231143652453,No,5.5,2.3,Not Placed,0.0
1200,19,Male,6.97,CSE,Tier 1,0,2,2,77.5808256962863,64.07169954471624,66.45036966404444,54.31714073255287,1,2,626,79.83962257982293,76.80695457672287,1,64.52713028938844,33.69101420354326,No,4.3,4.8,Not Placed,0.0
1201,21,Male,7.5,EEE,Tier 3,0,5,3,50.717101095391016,32.41022869760518,47.00821812286226,65.1195857902168,0,6,575,65.26922067618126,100.0,0,53.8281254597185,56.38290513376747,No,6.9,3.0,Not Placed,0.0
1202,20,Female,7.59,Mechanical,Tier 1,2,9,0,62.0150462744179,20.0,44.75732704992102,43.77043155703176,1,3,369,63.400383846832526,96.02031180376837,0,84.40441084534801,48.258177528490855,No,6.3,5.1,Placed,8.53
1203,20,Male,9.41,IT,Tier 1,2,7,2,72.3293364502575,82.16456455816174,69.47320147803627,82.03341377867321,1,5,534,59.77379928819031,87.83564439533778,1,41.69439891549841,67.38727126127037,No,8.3,6.5,Placed,11.94
1204,20,Male,6.65,CSE,Tier 2,2,2,2,81.04849397941287,58.51841840604102,77.87564299004981,66.04220853102287,2,7,613,75.58283940978961,90.14130429943032,1,55.64345036969022,22.68922358377197,No,6.7,1.8,Not Placed,0.0
1205,22,Female,5.93,Civil,Tier 2,1,3,3,90.94621799561293,78.01281621073025,85.66385688638294,42.283842482665264,1,6,335,83.13702577509787,87.78336532927548,0,90.08150250987102,10.63518742718506,Yes,6.1,3.2,Not Placed,0.0
1206,19,Female,6.1,EEE,Tier 1,1,3,1,87.76711489515532,47.64932859146936,74.60633678659428,52.15215040560928,0,3,862,75.5695350601092,83.0183176219802,0,53.32040022982279,42.28422026799418,No,6.9,3.4,Not Placed,0.0
1207,23,Female,8.72,CSE,Tier 1,2,4,1,100.0,63.77836012484544,69.96616888982327,81.16005624844775,1,4,703,75.60247275088155,72.81132607431918,0,61.52430104579199,52.370223624184256,No,7.1,2.4,Placed,14.6
1208,19,Male,8.27,IT,Tier 2,2,3,5,67.46320522195138,87.51807622739832,34.76517325658859,84.20176432399037,1,4,118,82.40702219136159,71.77283554277521,0,32.95995017363044,71.54445704794651,Yes,6.1,0.5,Placed,11.18
1209,23,Female,8.1,EEE,Tier 3,2,4,0,61.45810830155985,94.03015773975812,91.92803632014947,89.54409483965149,0,4,815,59.34474136900244,98.18067087388668,0,77.08413845258204,44.60674479107288,No,7.4,3.8,Placed,6.14
1210,21,Female,9.29,Mechanical,Tier 3,0,3,0,51.06831628230877,83.74307401149154,63.81527093079088,73.0374161254702,0,3,244,69.77971294576392,81.04537519276221,0,58.78588312005519,48.40392004628685,Yes,4.6,1.2,Placed,6.82
1211,20,Female,6.51,CSE,Tier 2,0,2,2,66.93675791235744,53.01994650691388,76.8291747928902,48.86020255743463,3,1,969,61.51041659265716,84.10876891810122,1,37.45527879714045,59.46493900907425,No,7.4,4.9,Not Placed,0.0
1212,18,Female,7.28,IT,Tier 1,3,6,2,66.2268192007628,58.592126097335104,64.84610135063764,75.69270305437436,2,3,725,61.38422029436443,79.11712871092979,1,76.19151371609685,26.21623137292741,No,8.4,7.1,Placed,8.72
1213,19,Male,8.83,Mechanical,Tier 3,1,1,2,66.2308530593261,53.63790008425645,59.07649439123766,61.14260761451182,0,3,417,67.51593147908359,70.60140081184872,0,58.120944817580536,61.75744200694052,Yes,7.6,3.8,Not Placed,0.0
1214,19,Female,8.79,CSE,Tier 2,1,4,3,59.5400112568278,59.65482301457199,54.18303825631919,56.82983536835011,1,1,959,76.52351124205167,92.92826707125973,1,62.37190206872894,93.3043652959214,No,6.6,4.0,Placed,7.01
1215,21,Female,8.24,EEE,Tier 2,2,5,2,45.40207990969216,68.00430213319379,65.99217037732272,56.39137508770695,1,6,318,79.06631839981989,65.98470493704872,0,81.30470248446386,75.7335816024528,Yes,8.0,4.5,Placed,10.9
1216,23,Female,8.0,EEE,Tier 2,5,10,1,61.17485249751662,69.1743392912019,49.024601114154535,62.16474750150353,0,6,353,55.843669282453,90.82883765734329,1,56.25539608401526,57.720032593931165,Yes,6.4,2.7,Placed,8.17
1217,23,Male,8.96,CSE,Tier 3,3,2,3,62.02245661524909,66.2927362580621,54.34373574033267,66.51761552465268,0,3,752,82.02307697199483,87.21033607857203,1,94.3433285819379,68.42744170085204,No,7.6,4.5,Placed,5.17
1218,24,Female,7.44,CSE,Tier 2,4,1,0,68.40288922785892,48.90494066747189,39.05190442247695,55.885567545916246,0,7,343,57.17577348381498,70.59120851532285,0,39.29769690042903,80.65184279917307,No,6.9,3.5,Placed,7.09
1219,22,Male,6.18,CSE,Tier 2,1,2,5,77.71567391370414,68.69889041656688,63.01654429111519,61.05890297226829,2,5,844,68.53546518883954,71.93046353245994,1,77.82700081846423,81.10547988323586,Yes,9.0,4.7,Not Placed,0.0
1220,20,Male,7.76,Mechanical,Tier 1,0,3,0,59.20087410752113,64.83179340715326,96.40350609019973,45.77589934928377,0,5,263,72.48640024689634,89.1471394898534,0,82.20306030545154,76.4537529606026,No,5.1,3.8,Placed,11.08
1221,18,Male,5.69,EEE,Tier 2,2,3,2,53.73670390556743,75.80266740160545,90.54645933283528,57.03754322857469,1,5,92,57.59129016924658,92.52035244943488,1,80.36936734787503,100.0,Yes,7.1,5.4,Not Placed,0.0
1222,24,Female,7.87,EEE,Tier 3,3,1,2,78.80529041851264,72.75999241516313,52.35336143598678,74.7950730383004,0,2,912,98.33896306752598,83.97498146811105,0,91.2084905595244,46.77139241825138,Yes,6.0,3.4,Placed,9.93
1223,24,Male,7.8,IT,Tier 2,3,3,5,85.30010665881663,53.85502728162677,82.1341155748644,50.9506845101821,3,6,248,60.09997908920917,97.47373883456264,0,72.26949979303379,95.11573740277142,No,6.3,3.9,Placed,13.62
1224,18,Male,7.74,EEE,Tier 2,0,3,0,59.96247239384506,69.82481207807929,80.50371197460382,55.043712191603255,1,5,190,86.47387906945258,86.40324319211012,0,40.73048882455068,73.70799371868267,No,6.6,3.8,Placed,6.97
1225,21,Male,8.44,IT,Tier 2,1,3,1,100.0,61.192828225114575,41.609262256510256,80.35733748923296,1,4,933,77.39290868690647,100.0,0,33.36553966310575,39.01996307909439,Yes,8.7,3.1,Placed,9.91
1226,19,Female,8.62,IT,Tier 1,3,3,1,56.78443841910657,71.55063735342829,62.40409211905394,57.79583428532907,0,2,872,71.62286071068993,71.66438596789901,0,46.52459311505042,63.765714765358446,Yes,8.1,2.0,Placed,12.92
1227,23,Female,7.2,Civil,Tier 2,1,3,2,48.17088630637658,62.70720246213227,60.32836847040412,66.76047999664715,0,3,907,58.343381952822455,90.85544735165053,0,76.10885537698286,25.64090230240797,Yes,7.7,4.2,Not Placed,0.0
1228,20,Female,7.89,ECE,Tier 3,2,4,4,90.05457507310305,44.89693357173044,58.08112837336876,72.51610391335534,1,7,152,62.64760271505687,93.51675227851256,1,82.9460552383822,67.950773461451,No,7.2,3.3,Placed,5.05
1229,20,Male,8.09,Civil,Tier 1,2,2,3,82.7948068802136,65.97490446314471,41.55768127389805,94.58497863201502,1,6,288,66.32139134425948,96.72745645502134,0,78.88265845924963,55.33000143263936,No,7.0,1.3,Placed,14.88
1230,20,Female,7.28,IT,Tier 1,0,3,4,91.31658786050777,50.08473543265237,49.14210472009669,68.21071261198301,1,4,166,71.44427056920239,99.08540098152154,0,35.80919315585455,67.63107283725792,No,6.4,3.3,Placed,12.41
1231,19,Male,5.99,EEE,Tier 2,1,2,3,73.66960763313561,48.88565394392206,67.60645887915622,72.05781934215925,0,1,540,70.09060991997106,88.2435493443205,0,47.31069208437053,71.08101247172303,No,8.6,3.9,Not Placed,0.0
1232,23,Male,6.75,EEE,Tier 2,1,2,3,37.68437433147592,61.10182240764858,68.54028635972999,63.66300002382138,0,5,341,70.12850823765208,97.27147648440965,0,84.45237330263313,34.38321391566805,No,7.7,5.0,Not Placed,0.0
1233,18,Female,7.57,IT,Tier 2,0,3,2,71.077527987126,65.88749456779632,65.72489586246756,50.4944964647376,3,0,668,71.80285102811978,80.94816443802145,0,41.29313547573472,83.64307533956465,Yes,6.5,2.7,Placed,7.39
1234,19,Male,7.95,IT,Tier 1,0,0,2,50.385434447170965,83.22314991148613,64.3521455936524,67.86679464317201,1,5,145,51.74755476114855,60.14994017293882,1,71.00379208264097,13.842865244597178,Yes,9.5,6.3,Not Placed,0.0
1235,22,Male,7.65,CSE,Tier 2,3,1,3,84.10796964123563,57.3883758920476,84.65929683206389,67.45538260680222,0,2,830,64.60390766559262,98.4101179505906,1,98.77002861154313,74.04635860235848,Yes,7.2,1.3,Placed,6.97
1236,19,Male,8.06,EEE,Tier 1,4,4,4,81.69252755803154,73.00432027697832,63.67121273542448,82.12654682195655,2,7,642,61.72159476459632,93.83729766311114,1,72.10897718002853,36.01918371865262,Yes,10.0,4.0,Placed,14.58
1237,18,Male,7.16,CSE,Tier 2,0,4,1,66.15326148777493,63.12035210329815,65.86427208377349,53.363599302424085,0,4,220,67.32783938603855,91.19436224645614,0,42.27380358924804,60.07387075196877,Yes,7.8,3.1,Placed,7.59
1238,20,Male,6.42,CSE,Tier 1,1,2,0,79.7085236159762,58.67546708253213,77.4868643556373,61.38076071943723,1,3,629,75.85850628392,76.79498259788033,1,100.0,59.98979917753247,No,5.3,3.1,Not Placed,0.0
1239,23,Female,6.97,CSE,Tier 1,2,1,5,81.6161659297677,42.19733574303474,64.13510168903555,49.29791739502751,2,2,572,95.39410308016544,83.93905104280353,0,33.66496726185652,49.87009849002546,No,7.3,2.9,Placed,11.68
1240,22,Female,8.15,CSE,Tier 2,0,2,2,100.0,74.96921276683855,52.11289985307023,51.43987619460228,0,3,803,50.46279971930255,82.18719274918806,1,62.58650390239863,94.37033450369395,No,5.3,2.0,Not Placed,0.0
1241,18,Male,7.21,IT,Tier 2,1,2,2,48.2445227474481,48.02072725648238,67.07186760481126,62.39878461079125,1,3,81,69.50454241314495,81.84880633551188,1,65.25276229175661,17.270346941454953,No,7.4,6.5,Not Placed,0.0
1242,23,Female,5.53,Mechanical,Tier 2,1,3,3,69.87517203585803,49.28840856094122,73.95747247479913,49.23516958155136,0,2,793,51.680025808085375,94.61133127706056,0,47.52821501855252,52.87206025323818,Yes,10.0,4.5,Not Placed,0.0
1243,21,Male,7.59,IT,Tier 1,0,2,3,94.07148014767698,100.0,88.7309027606415,77.1732923239131,0,6,236,82.45325660861916,77.44615851678896,1,46.12167050176165,100.0,No,7.7,3.6,Placed,8.91
1244,18,Male,8.44,Civil,Tier 2,2,3,1,77.55816249066484,56.48686521557525,63.01127103711178,78.51366455283346,2,2,184,73.09866551774151,87.68323391834986,1,59.09925885246835,45.36968801152636,No,3.7,2.6,Not Placed,0.0
1245,20,Female,8.28,CSE,Tier 2,5,3,2,70.3839330609077,69.30352744041052,82.72104360705617,59.4478924637608,1,7,451,84.970532157286,69.69500545110932,0,20.77494657650093,50.398577094297366,No,7.0,0.7,Placed,11.28
1246,24,Male,7.93,CSE,Tier 3,1,2,4,74.63990694113866,55.283324815065626,78.91005480296371,51.43132328120942,2,7,815,58.66394242532292,80.57190744257385,0,58.3763565497791,54.20395402209108,Yes,8.1,2.9,Placed,4.88
1247,21,Male,8.11,EEE,Tier 1,1,4,1,59.44912180708808,70.80440721093566,60.68452235139031,62.41778923538609,1,3,687,67.73565173538077,89.52316562203127,0,67.04336413949548,70.1791386090298,Yes,9.1,6.1,Placed,11.32
1248,18,Male,6.45,CSE,Tier 2,1,4,1,88.97450126759875,83.70831626610244,60.12206030557063,64.6514131071195,0,3,658,84.05977333504158,90.9524642904009,0,49.98584970388816,88.95405595315972,No,5.2,4.0,Placed,8.0
1249,24,Male,6.27,Mechanical,Tier 3,3,2,3,56.36623482233203,41.92548614219771,59.30918198653941,47.05400589328348,1,5,687,74.27428132921195,86.96798240834248,0,73.1265654522026,51.29583561842832,Yes,7.6,4.4,Placed,5.75
1250,23,Female,7.8,Mechanical,Tier 2,4,1,2,75.45816569385684,58.0430634503975,69.71031050090086,76.42495791325027,2,4,398,54.00896080608636,82.09196271063577,1,56.75880719326122,48.73144069815644,Yes,7.6,5.1,Not Placed,0.0
1251,19,Male,7.19,Civil,Tier 3,2,5,2,80.38932452763859,87.49259167674523,87.9143651789948,63.114160849627545,1,4,834,72.05810267111131,97.34564838412476,1,97.42286341428118,70.7280942947001,Yes,6.5,3.3,Placed,6.78
1252,23,Female,6.17,IT,Tier 3,2,3,2,74.37452215777877,53.02507683199366,72.90286572391175,67.09934242151057,0,5,821,90.27369271622892,96.5520710557169,0,71.24753569481038,51.20241031826684,Yes,5.3,4.6,Placed,7.47
1253,21,Male,6.94,IT,Tier 3,2,2,1,49.176042687231046,72.39127277259607,90.647224786376,62.668423537051446,1,1,643,58.434174180521794,64.55906572398405,0,99.3458901239614,54.29787928483485,Yes,4.7,2.9,Not Placed,0.0
1254,23,Female,9.11,CSE,Tier 2,3,3,1,79.3635382053368,65.9827236604184,72.39705771728939,73.7153032656694,3,6,835,75.28279709409557,85.23161974340444,1,67.73817631012267,59.39167689758544,Yes,6.2,4.1,Placed,10.98
1255,24,Male,7.14,CSE,Tier 3,3,4,1,53.45926585475602,80.6249994937984,82.60753916606845,63.155616829470254,0,2,172,52.167081341149625,84.32748639861586,1,50.752755074364856,89.77535828862699,No,8.2,1.4,Not Placed,0.0
1256,21,Male,7.72,CSE,Tier 3,4,7,2,81.25700677510177,93.04508187431156,83.19666891082967,93.49864400913654,1,2,865,71.03364215782143,76.1909257341891,1,79.80601848367392,62.16576584468517,Yes,4.4,2.9,Placed,7.19
1257,24,Male,8.63,ECE,Tier 2,2,5,2,44.67207354519341,59.53877412573068,74.72243539906019,64.08097365202448,4,4,952,79.67169287236786,74.99130685052464,0,63.19067786375609,56.20923248525129,No,6.7,3.7,Placed,13.09
1258,20,Female,6.97,Civil,Tier 3,4,4,1,97.4001259229688,79.77288616998685,81.70146557413787,94.28598676544595,0,4,198,65.65676210575177,81.39485687563918,0,12.322594776239916,59.8617358376169,Yes,7.3,4.5,Placed,10.24
1259,22,Male,6.29,CSE,Tier 2,0,5,1,82.84448118863178,77.133932361088,60.054936208224255,52.209429960917234,0,3,162,46.20969278539867,74.68658758610846,0,75.73052957426376,75.2242427153288,No,7.4,2.7,Not Placed,0.0
1260,18,Male,7.24,ECE,Tier 1,0,1,4,69.28395551616433,77.41596326412369,68.67171006328297,52.25514415725085,0,1,193,64.00099852203005,88.17013157792023,0,61.984627949866336,62.53679359636155,Yes,5.2,4.0,Not Placed,0.0
1261,19,Male,7.5,Mechanical,Tier 1,2,3,6,54.272887687221925,87.36121697339748,61.514133848599805,43.39665580742474,2,5,639,80.79504284050435,67.4793159425231,0,39.44296750639535,87.64898911464559,Yes,8.6,2.7,Placed,13.71
1262,19,Male,7.35,CSE,Tier 2,1,2,1,100.0,59.77747768178931,43.39568742338378,88.86833285655806,3,3,531,62.698437771909234,100.0,0,65.57813896053058,54.39990416004002,Yes,4.5,3.9,Placed,9.35
1263,23,Male,6.18,CSE,Tier 3,0,4,4,71.1393658866576,49.16651062305523,63.500332232347546,42.741943478061806,1,7,60,69.65163636209418,98.63593348548264,1,57.22771286989175,45.54171026637668,No,9.9,5.9,Not Placed,0.0
1264,22,Male,7.4,IT,Tier 2,1,3,1,67.06702765911619,60.2744236934432,42.89277441732017,54.851300625022745,2,4,528,74.1267000052228,92.32586389448548,0,55.450663574833975,27.580246150000765,No,5.9,2.2,Not Placed,0.0
1265,21,Male,8.89,IT,Tier 2,0,4,6,48.22234070824918,44.637614137715374,51.61461302136969,65.92533092554899,1,4,407,73.35087742380671,75.67004696410427,0,74.33532615087651,65.86890008399997,Yes,9.8,2.7,Placed,8.34
1266,20,Female,7.76,ECE,Tier 1,1,2,4,97.43356612876818,80.07757511019489,36.38958957916538,64.17761513388697,1,3,517,61.328999923871976,75.47149775145768,0,44.216706457603934,26.966253493277765,No,6.4,4.7,Placed,9.44
1267,23,Male,7.9,IT,Tier 2,0,4,1,100.0,69.13997354366975,76.5002998808537,96.85128104459989,1,3,413,45.932204043080056,100.0,1,74.75193152289921,48.73419272618236,No,9.0,1.7,Not Placed,0.0
1268,21,Female,6.25,ECE,Tier 2,4,3,1,61.205889806726944,93.3406029044702,82.06541917390561,82.26044809595376,1,2,494,62.17763459989375,76.70312316108274,2,69.62327468068573,58.633460764203264,Yes,6.5,4.5,Not Placed,0.0
1269,22,Male,5.74,Mechanical,Tier 1,2,3,4,59.29218370992017,58.933089812156936,98.67921100638588,69.38653465112745,1,5,845,65.02883156478484,74.08112371855867,0,12.909501093169482,66.0861641108174,No,8.5,3.0,Not Placed,0.0
1270,21,Female,7.82,CSE,Tier 3,0,4,2,92.00440915713013,84.3091832324062,75.46028560606672,51.13381226435692,2,2,291,62.91946919518819,67.20271022541333,0,19.576100304792,20.153076725260348,Yes,5.6,2.6,Placed,7.17
1271,20,Male,6.85,Civil,Tier 1,1,7,2,57.08728613143649,90.55261154028312,83.92363672716274,73.58760231877169,2,3,749,76.07758837918567,86.22556440082751,0,70.78845649713264,56.916578023,No,6.5,1.1,Placed,13.38
1272,21,Male,7.49,Civil,Tier 2,1,6,0,69.63222700289046,76.11281031888775,80.7381497535576,59.79923190629417,2,3,532,58.10697374436019,95.71259849357564,1,61.44352952911765,30.317922384922657,No,7.9,4.7,Not Placed,0.0
1273,20,Male,6.61,IT,Tier 3,0,5,2,69.12243837575424,56.60236667275469,61.416210346773056,52.894273808476775,0,4,751,64.44956221919954,87.32457034698113,0,68.25421487558438,50.64799682415774,Yes,8.7,4.0,Not Placed,0.0
1274,20,Male,7.66,CSE,Tier 2,4,3,1,69.36575831532076,55.721058112967576,47.26629198099374,70.05184244155976,1,7,417,64.84932043065749,73.79071781861936,0,68.61448036220396,51.65806004020703,Yes,6.6,4.5,Placed,9.93
1275,20,Male,7.79,EEE,Tier 2,3,3,1,88.89832930175896,46.35673472260285,90.40816204372904,80.28641046068677,0,4,482,69.65384502985954,92.04036516205778,0,82.46062964604091,52.711991214889295,Yes,6.9,2.6,Placed,13.45
1276,18,Male,6.56,Mechanical,Tier 2,1,0,1,94.71729228357368,50.33798573972398,88.64450074816439,65.65890451695459,0,4,513,64.22264101423315,82.22133142419136,0,38.82606108267595,53.7378679121597,No,8.5,4.5,Not Placed,0.0
1277,19,Male,7.88,CSE,Tier 2,2,4,2,99.90289710282693,84.68164487624016,68.62461565705209,73.99583667262159,0,5,747,66.97356712704168,79.66001938745471,1,19.85982426793912,57.57710427895073,No,10.0,4.0,Placed,10.59
1278,23,Female,7.95,EEE,Tier 2,1,3,3,88.27453018054752,88.17843348672284,82.25306047588663,66.53697052723376,0,6,202,70.40631698091133,100.0,0,45.67933453148871,60.4715365219992,No,4.7,3.5,Placed,11.2
1279,20,Male,7.22,Civil,Tier 2,2,3,2,51.25443504141246,66.1790001808628,48.18838421832651,56.8016728385532,1,2,271,62.50717192934727,81.24585858881063,1,56.703464559080444,37.4320162926217,Yes,5.9,1.8,Not Placed,0.0
1280,19,Male,6.45,EEE,Tier 3,1,5,5,60.15583905483595,67.9712107446421,71.51453899311413,46.86735410489106,0,3,585,59.428864421317805,100.0,1,16.7064298591188,44.564349767203495,No,6.1,3.6,Not Placed,0.0
1281,20,Male,7.36,Civil,Tier 2,1,4,4,77.81651221906557,73.85087079434989,91.5811584136558,84.73994384656048,0,4,370,62.94714614490307,100.0,0,94.8354904875292,42.61686501013752,No,9.8,6.8,Placed,10.29
1282,20,Female,7.5,EEE,Tier 1,1,2,2,74.37035780872236,70.46596902661953,80.53331894091978,55.11711224487131,1,5,755,69.01340401680201,87.04953955360124,1,25.21361097287386,68.32866824501365,Yes,6.7,2.6,Not Placed,0.0
1283,22,Male,7.44,EEE,Tier 2,1,1,2,100.0,48.558142119124994,71.5795607121481,80.48622576368464,0,4,219,67.90479147069111,86.70547265027325,0,69.127011699025,34.8095777802898,No,7.6,3.1,Placed,8.78
1284,22,Male,7.62,IT,Tier 1,3,3,3,52.64671704965489,42.75839099659549,40.98373725788564,69.71571661676057,2,6,790,67.7125853597393,92.6835794558391,0,73.95597021194108,55.81643278259741,No,6.1,1.1,Placed,13.47
1285,18,Male,6.37,Civil,Tier 3,0,2,1,68.13923059461699,38.17431556554923,70.89321188808998,91.21568545532136,0,4,556,77.34531660148589,67.91165807288162,0,42.65763259940567,86.8070801454099,Yes,6.5,1.9,Not Placed,0.0
1286,20,Female,7.66,CSE,Tier 2,1,6,3,84.28440016709249,61.326664403820445,36.2036772615128,64.85953031758032,0,5,158,62.30094725515984,89.85663322177368,0,70.69617028297083,35.422415695842375,Yes,9.6,1.7,Placed,7.91
1287,18,Male,9.01,Civil,Tier 1,0,3,4,89.89411786647355,72.67142921225998,63.05655627063856,67.09917343166276,0,2,440,65.55041976935422,85.43508798551505,0,91.28851066617904,66.22138294752571,No,10.0,5.2,Placed,10.47
1288,21,Male,7.63,ECE,Tier 1,2,6,3,73.92207905061454,59.05560008473007,61.94085670245659,58.813610779933306,2,4,555,59.60626140752544,87.54785559602786,0,65.55510973143559,80.13091532238452,No,6.1,2.5,Placed,14.09
1289,24,Male,7.75,ECE,Tier 3,0,0,2,81.66562034589444,67.71465060014863,65.99436116645151,54.56762979430015,1,4,649,59.60962081978539,100.0,0,52.69367560041345,53.39323345019713,Yes,4.0,1.6,Not Placed,0.0
1290,23,Male,7.13,Mechanical,Tier 2,1,8,1,94.90531033358856,46.11861839718546,81.55361290716606,64.66648055462097,1,9,965,46.73339186109193,89.73542602321645,0,32.010339823494014,26.674473915741483,No,8.1,3.6,Not Placed,0.0
1291,22,Male,7.63,EEE,Tier 3,0,1,1,89.18765168241444,67.03475717727437,91.77841786141012,60.781166531360284,3,3,596,65.50194869275334,82.84079963660065,0,68.46874344254239,21.238102833935365,Yes,7.7,3.0,Placed,5.18
1292,22,Female,6.08,IT,Tier 2,1,7,2,75.83630037332847,45.80034429891657,69.58227176138075,61.92012465513301,0,3,562,68.43329355897917,73.91286214060572,1,29.422950597904887,70.65970570155154,No,7.2,5.4,Not Placed,0.0
1293,23,Male,8.8,EEE,Tier 1,1,3,2,77.20304181861408,89.77299240242257,68.51699537865113,55.85712958215567,1,7,201,51.59117401422101,75.31993067284775,1,49.26794055949363,40.39909930197621,Yes,6.9,2.2,Placed,8.7
1294,20,Female,7.49,CSE,Tier 3,1,1,2,29.88607224307912,77.21551621442333,100.0,78.79000387353699,1,8,299,49.61883386931609,92.02633097886518,1,67.8039529687421,69.68176584031366,Yes,9.2,2.2,Not Placed,0.0
1295,24,Female,6.74,CSE,Tier 3,5,7,3,82.58293701242249,62.54474325347242,82.07585653428036,100.0,3,4,593,71.19476367963726,89.64811343038267,0,68.51055906257653,59.4112960512665,Yes,6.8,5.9,Placed,11.82
1296,24,Male,8.4,EEE,Tier 3,1,1,2,65.12003014940578,59.60894436113511,76.15000248506905,75.32294543081032,1,3,489,64.34834972405713,90.0815168908956,0,67.3319620361003,88.71531066487569,No,7.0,2.5,Placed,5.65
1297,22,Male,6.83,IT,Tier 1,1,4,3,82.23190351767724,59.66431206290678,66.00635937564613,72.30119566214518,1,4,559,79.75417574680134,83.87116468520213,1,37.96521479808841,12.032713630675566,No,6.9,4.0,Not Placed,0.0
1298,23,Male,6.3,Civil,Tier 2,2,3,2,62.00381026918392,67.67475112683057,62.95635554649248,98.07989426918084,0,3,130,74.55338657286364,68.40494656187514,0,86.7810089838888,48.86748523205567,Yes,8.4,5.7,Placed,8.64
1299,24,Male,8.68,Civil,Tier 1,0,3,1,63.409152734674855,71.34042663848714,90.91367661464398,86.02700525922522,2,4,252,76.23048227237862,78.03174386031544,0,63.31008798161873,68.36520149386249,No,6.1,6.5,Placed,12.11
1300,19,Female,8.41,IT,Tier 3,1,3,3,56.24722368285203,55.90994510371242,77.55868466246272,75.06755705309304,1,3,289,77.07669473059224,80.01145003715283,0,39.154104361778025,76.82584644372466,No,7.0,1.9,Placed,7.0
1301,18,Male,6.94,EEE,Tier 1,0,1,2,61.4840792627263,76.5784600543992,90.88033086581744,55.527653802137245,2,4,338,44.01495268824846,85.57427865548439,1,47.90370169820607,45.04727887020913,No,5.5,2.7,Not Placed,0.0
1302,23,Male,6.14,IT,Tier 2,3,2,3,73.33327208253439,79.3601499224494,70.49277923952266,53.795165080500944,1,2,376,62.606872949010814,72.32952454631375,0,47.23123988520485,34.33844757048462,Yes,6.7,4.2,Placed,10.08
1303,18,Male,6.1,EEE,Tier 2,0,2,2,96.9059232491144,53.98448757076813,57.71138853873504,64.45419884884495,1,4,843,42.50021079664919,79.30305913599754,0,62.00470116691138,26.16038610826592,Yes,8.0,4.6,Not Placed,0.0
1304,22,Female,7.95,IT,Tier 1,0,1,2,79.89407181058064,65.54862477120207,62.00641658646005,59.61720639440944,1,3,563,62.43760969433056,77.22607883614384,1,49.76805275963418,23.30445099527809,No,6.4,5.0,Not Placed,0.0
1305,18,Male,6.1,Civil,Tier 2,0,0,4,95.52885971076196,47.55068624403492,51.70970428104998,63.50388820502928,0,2,596,74.35653683082977,94.41514661450714,1,64.48226841099415,47.24747517785397,No,6.0,2.4,Not Placed,0.0
1306,21,Female,8.05,Civil,Tier 1,3,2,2,85.99219562058596,99.76172098920787,56.335061245539656,46.9782572546214,0,2,945,73.60965466286719,80.6835500403684,0,52.09652124376572,60.33289001145481,Yes,8.3,5.6,Placed,13.52
1307,19,Male,8.23,IT,Tier 1,0,3,3,65.51621046923295,76.06273774143864,70.50258170531657,48.60531584646783,0,0,843,48.35474205138789,89.4076132876623,0,71.53708713678546,33.62524371736022,No,9.3,3.2,Placed,8.55
1308,19,Male,6.73,EEE,Tier 3,3,3,5,75.77769470096428,54.49203998087305,65.47186187489474,58.21885121761579,0,4,147,71.7118956770252,70.54884936638304,1,21.318466227024985,56.74811819469487,No,5.5,3.2,Not Placed,0.0
1309,23,Female,7.08,Mechanical,Tier 2,1,2,2,63.43331442095487,23.260955501625787,78.11427167225963,77.30340277094301,0,9,269,68.8398204161675,78.50231621550266,2,53.81027597295871,88.85659631769936,No,4.5,0.5,Not Placed,0.0
1310,22,Female,8.08,ECE,Tier 1,3,4,0,76.24633881739851,69.40479980647301,44.65924522546887,55.43517430562897,1,3,87,41.625509170304895,68.7125968845753,0,44.83414235119574,79.74317011326389,No,6.5,4.7,Placed,12.46
1311,21,Male,7.49,CSE,Tier 2,2,4,2,92.79127670193542,81.30986773728796,79.34162811851007,56.140845711347865,2,2,684,92.59802191237912,80.0854137886063,1,89.65378776518672,69.28103702633055,Yes,5.5,2.7,Placed,9.78
1312,21,Female,9.16,CSE,Tier 3,3,4,2,60.55721878227287,68.75634627694225,73.61780023069561,20.0,1,5,199,72.48798272335148,89.04982804640416,0,61.89087380593129,84.44025615796181,Yes,6.4,5.0,Placed,10.87
1313,19,Male,7.68,CSE,Tier 2,2,2,1,45.50000286569313,55.69497569141116,55.96402197774201,64.34067578597002,3,1,454,67.6734145531069,81.298837904078,0,67.8338219528432,95.45260100431987,No,7.9,1.6,Placed,9.29
1314,21,Male,6.69,EEE,Tier 1,1,11,0,69.35821472960968,49.33700229368412,98.03797278619692,71.89401219492338,1,3,679,85.00976877932551,85.05281062103879,0,84.04412750833089,61.0631104250508,Yes,7.2,2.9,Placed,12.04
1315,23,Male,8.0,ECE,Tier 3,1,5,5,77.63655668604451,63.50676915481423,57.7040746650617,27.50631367263314,0,6,296,85.45540844174153,95.1711661624772,1,54.31458341060917,77.49129382194522,Yes,5.9,4.9,Not Placed,0.0
1316,19,Female,8.91,Mechanical,Tier 3,2,4,2,62.54587613626748,70.03229036163359,72.93934459737125,46.49052638690996,0,7,135,63.97946526598299,76.45128025185038,2,76.05943029744479,51.51731296554661,Yes,8.2,5.7,Not Placed,0.0
1317,24,Female,7.8,IT,Tier 3,1,3,3,99.75521449887825,43.089895097248906,74.62931834756124,45.95040116033533,1,5,521,59.76665105975028,94.53133904707148,5,58.72545102603136,13.967797277008016,Yes,6.3,0.5,Not Placed,0.0
1318,18,Female,7.92,ECE,Tier 2,3,1,4,58.61188076579168,59.58480057376318,61.5997499918516,60.33223853395304,1,4,191,40.56667553914221,100.0,1,83.34630736623049,59.92901392066857,No,7.6,1.8,Not Placed,0.0
1319,22,Female,9.01,CSE,Tier 2,2,2,0,64.12672211627181,64.7841695708208,82.98040406413159,58.3933473664512,1,3,343,70.37769010380572,99.26421533470092,0,72.37795466107202,47.1034995696202,No,7.1,5.0,Placed,8.57
1320,20,Male,8.18,IT,Tier 1,0,5,1,78.40776345644527,42.15592854409837,64.43438328209932,75.05003863106043,1,4,84,65.56346927122378,90.66958011750964,1,44.65882508848493,46.07769552503553,Yes,7.2,5.0,Not Placed,0.0
1321,24,Male,8.07,ECE,Tier 3,2,3,2,49.152686962727714,48.98937239428729,67.0570248003156,63.2884473253099,0,3,858,68.6990251083167,68.52160459952138,2,84.78493498275174,56.78776645710472,Yes,6.0,4.0,Not Placed,0.0
1322,23,Female,6.82,EEE,Tier 2,0,4,1,99.90458990569094,60.60371523911638,100.0,75.86520696308817,2,2,140,60.62082511465464,71.25100730121466,1,69.73709937712087,83.50882838848153,No,5.1,3.3,Not Placed,0.0
1323,21,Male,6.22,CSE,Tier 3,2,3,0,91.79394643787744,64.22002477242307,52.99356704709604,62.13791205733661,0,4,466,82.08649348888547,98.48335070357751,0,31.16732026412937,40.19655449977619,Yes,6.4,3.5,Placed,5.14
1324,20,Female,6.6,CSE,Tier 2,2,6,3,56.15045923285203,66.35979879114177,99.02815803475391,54.6193786573546,0,0,554,74.24978226225038,89.76926586001906,0,37.11328476025482,22.342488220074685,No,6.8,1.8,Placed,8.63
1325,21,Male,7.77,Mechanical,Tier 2,1,5,0,50.80346343611333,69.99399086103314,80.6823165242686,40.3813364588376,1,3,709,76.15315256496804,85.75845836645891,0,60.356052789688086,39.884583555251695,No,8.5,2.5,Placed,7.07
1326,20,Female,6.24,IT,Tier 1,3,4,5,71.02586698262505,75.31173007196925,67.72218132128565,68.39222016491131,1,7,650,68.40917985299521,71.07347166038258,0,81.58243231173418,44.88604431105905,No,6.6,3.1,Placed,11.28
1327,18,Male,8.02,Mechanical,Tier 2,1,6,3,75.35641481868133,64.33559260145316,91.76256438377432,41.13499671951793,1,2,77,80.98135005587389,94.9872315955204,1,55.650657167184974,31.51448096258916,No,5.0,2.8,Not Placed,0.0
1328,22,Male,8.91,Mechanical,Tier 3,0,4,2,46.97314863391581,40.32381144740596,62.42672336762374,89.48024575803802,0,6,359,79.14490361436674,78.73644045933388,0,99.10021287266346,66.50960351652246,No,7.4,5.0,Placed,5.58
1329,18,Male,7.04,ECE,Tier 3,3,9,2,81.44105511389543,53.93487806754682,77.37755586835819,50.62596848822746,2,3,410,86.75859059583442,86.85650845096438,0,77.36738973390743,100.0,Yes,5.8,1.2,Placed,9.46
1330,22,Female,9.05,Civil,Tier 2,2,4,0,70.74880586639681,59.576818945341714,61.8663231917765,72.19954611661373,0,3,302,89.86565493922143,80.29922046485032,1,35.03646081907394,73.32948788903818,No,5.1,5.3,Placed,7.71
1331,24,Female,5.68,IT,Tier 1,0,2,4,77.75632689293164,84.06892229896363,88.96961282823932,60.17791003909095,0,2,684,62.69380002002244,62.2274275778772,0,26.75453020526927,66.90009974036403,Yes,6.4,3.4,Not Placed,0.0
1332,24,Male,7.98,CSE,Tier 3,1,5,1,77.40276069435822,84.41494700864912,20.976990634761464,64.59705030148373,0,0,120,70.16556027126927,72.77423534151843,0,50.73013756814451,89.0028545397692,Yes,5.5,0.5,Placed,8.1
1333,18,Female,8.39,IT,Tier 2,2,3,1,76.781490460231,48.45027229678245,59.102913668995726,73.64759043317758,1,6,738,64.63219280751153,82.40114927026956,0,29.777093149343507,42.51927907127553,Yes,7.9,1.4,Placed,9.3
1334,22,Male,6.73,CSE,Tier 2,2,1,3,92.22372699338044,60.67421666266677,94.74443962178556,74.65106691477718,1,1,127,67.48409739346066,62.61807337881415,1,73.45801798989359,40.7434281114765,Yes,5.0,4.3,Not Placed,0.0
1335,21,Male,7.78,CSE,Tier 3,0,3,4,74.83997581616639,81.25529512736055,79.03488322876748,87.83530372473199,0,8,841,76.82249107146315,90.2235665409309,0,99.2227273478738,29.21557001422424,Yes,7.3,4.5,Placed,7.67
1336,24,Male,7.16,Mechanical,Tier 2,3,7,1,32.12855759598115,60.97534546589081,71.29081640106493,75.31560731622882,1,5,296,79.61519266771208,95.88121452783574,1,37.97261661112704,59.334854527192135,No,7.9,2.2,Not Placed,0.0
1337,23,Female,6.19,ECE,Tier 2,0,0,0,80.22021714769238,58.56896263367118,93.36878927758455,82.41409314718108,0,4,812,39.48915433174267,81.39184632488762,0,56.2977560962214,50.90246827564103,Yes,6.5,4.9,Not Placed,0.0
1338,20,Male,8.2,Mechanical,Tier 1,1,2,3,58.8774878035916,57.86640446390185,90.2772786061129,33.171816957780806,2,6,68,59.07833806266099,84.85081723247644,0,65.21374088421604,49.04469905972271,Yes,8.9,1.2,Placed,10.28
1339,20,Female,6.92,CSE,Tier 3,2,4,2,65.52130547429842,58.94523690038774,61.966923453580144,60.3093650849936,0,2,726,65.95620086293528,76.00502721081047,0,37.36125175272036,54.43454183226937,Yes,5.2,4.2,Placed,4.97
1340,23,Male,7.77,CSE,Tier 2,0,5,2,61.83003669427471,89.19383681479285,31.11328332229118,82.61280991353931,2,2,644,71.48175624124066,72.1027244407965,1,68.79620233124609,77.08804362058075,Yes,7.2,4.3,Not Placed,0.0
1341,18,Female,9.18,IT,Tier 3,0,3,0,81.85791413488542,43.08213884975744,84.82322845689185,54.6317688068681,1,4,846,70.70468966136912,84.05803448989617,1,45.29940444864181,89.93744920567656,No,8.6,2.2,Not Placed,0.0
1342,19,Female,7.54,CSE,Tier 1,1,2,2,55.69459198518517,51.94213910288564,73.40219665958698,93.91792075341692,2,3,965,78.04125921804132,84.16596743144656,3,29.626572020241632,78.54728270612569,Yes,6.2,3.2,Not Placed,0.0
1343,22,Male,7.15,ECE,Tier 3,2,1,1,55.61650566149049,83.79977942589147,64.18101588574618,65.05140590679268,0,7,925,74.0276262408187,67.083938981143,0,69.46249570909663,59.91282500625927,Yes,8.6,3.0,Placed,5.99
1344,21,Female,8.18,Civil,Tier 1,2,4,1,67.81279472871181,59.745389368624224,79.2767420135784,44.24676059320274,0,1,626,69.13091538545774,95.1288411791297,0,42.50867478255789,57.60809996031112,No,5.2,2.2,Placed,12.52
1345,21,Male,8.52,ECE,Tier 1,1,2,3,90.25205381225192,53.68875469354786,37.1601584421691,64.02144645626842,2,1,635,55.26112211512942,87.05113314512597,0,53.52539027292182,64.18035338377454,Yes,8.9,4.0,Placed,12.82
1346,20,Male,8.41,IT,Tier 2,5,3,3,81.41756446496134,80.37897283296093,54.8955932074581,26.305204045677627,0,5,69,49.08048120886109,85.16592061372013,1,45.68817832377795,55.4820907968632,No,8.0,4.1,Not Placed,0.0
1347,23,Male,6.88,IT,Tier 2,2,1,2,80.3219291016882,61.21319240598473,100.0,86.51457967429808,2,4,863,75.02723460328525,98.36562634103282,0,59.74809561878466,60.10314879722678,Yes,6.9,1.7,Placed,7.46
1348,20,Male,7.32,ECE,Tier 3,1,3,1,63.75522501422172,46.11026087472813,61.40284469061449,83.7473041886407,0,5,223,63.31836629248358,76.68668071956817,2,48.27185587641078,47.2893256986396,Yes,6.3,2.1,Not Placed,0.0
1349,23,Female,7.56,IT,Tier 2,3,4,2,74.66183375735712,47.04727691623118,58.74980519474799,58.05361078175188,1,6,284,78.84772824601029,68.66403424639344,0,71.83299446920255,46.98430360755978,No,8.0,2.8,Placed,9.49
1350,18,Male,6.04,CSE,Tier 1,1,2,2,80.83642415273503,41.29324732128136,57.8179601772751,80.41585307597775,2,4,79,67.09149288501183,85.7868403655347,1,88.9156444829135,55.03907360188416,No,7.3,2.1,Not Placed,0.0
1351,24,Female,7.24,Civil,Tier 1,1,4,5,59.75043465026578,58.196971132980266,78.49830261615382,60.99533628622339,2,1,77,67.29653001988503,78.04107166809092,0,59.27756724151117,71.61612603423812,Yes,6.3,2.4,Placed,9.92
1352,21,Male,5.93,EEE,Tier 3,1,3,2,82.8495237959435,50.98915017721863,74.4922483486537,43.02862937648257,0,2,959,81.76974134124838,81.87851489259927,0,67.04507665252042,56.11211859212887,No,5.5,4.4,Not Placed,0.0
1353,24,Male,7.71,ECE,Tier 2,2,3,3,64.4577441439532,52.31365047333557,61.64425036625966,65.31801267936783,1,3,509,62.23308957523648,87.52871191751514,0,86.05201135070578,52.43720528432326,No,6.0,5.6,Placed,9.71
1354,24,Male,6.67,CSE,Tier 2,2,2,1,95.44932670081975,63.51389014392801,60.92509437344116,62.00412513909109,0,7,773,76.97683275340788,78.27393434955944,0,52.16659653008219,79.65481137178912,Yes,6.6,3.1,Placed,10.4
1355,23,Male,8.49,CSE,Tier 3,4,0,2,43.46771622801678,72.92575385488098,64.43621711967687,77.29319475782381,1,4,419,79.83792720669369,100.0,0,66.23438689393437,32.933760280513965,No,5.4,4.6,Placed,6.26
1356,20,Female,7.83,EEE,Tier 2,1,2,4,68.86309121060773,68.67525256744418,78.27393861311822,45.79079820610414,1,6,799,74.03898836393539,95.41264173281552,2,65.72230503082476,48.234649651486805,No,6.8,1.5,Not Placed,0.0
1357,18,Female,8.41,IT,Tier 2,2,4,0,77.21924688464654,65.32993084277908,59.57696672553139,80.41632405165389,2,3,871,67.30903936718418,94.4434918467649,1,52.07231052617546,35.9903178894828,No,7.7,3.0,Not Placed,0.0
1358,18,Male,7.57,Civil,Tier 1,0,9,5,42.33480339521993,56.61083729351432,79.40626791469292,54.099612545253805,0,7,623,87.61770075044525,80.13508092168532,1,38.539552407744495,55.69273281402959,Yes,6.4,3.5,Not Placed,0.0
1359,19,Female,8.83,EEE,Tier 3,1,3,1,73.48238811427981,51.419494231460064,49.32221614790252,85.26455317769475,0,5,710,69.13973443281726,87.22014050735196,1,68.55098383192119,35.81168078935913,Yes,10.0,1.6,Not Placed,0.0
1360,23,Male,6.96,Mechanical,Tier 2,0,5,3,67.29965532823374,62.82907554406913,100.0,51.79544345370273,3,2,652,68.96963935315864,80.0436197394476,0,87.32882650852412,16.588870645680814,Yes,7.9,2.9,Placed,8.52
1361,23,Female,6.53,ECE,Tier 2,0,3,0,50.4396696570597,49.45766955640666,66.61527467732124,53.39741652637116,2,5,669,80.33419687614133,90.64332808233324,1,43.07903187891024,100.0,Yes,6.6,1.9,Not Placed,0.0
1362,18,Female,7.19,CSE,Tier 2,2,3,2,80.12846335764355,44.05323460802106,56.99210282294315,68.66876826334125,1,1,566,68.29371802218438,82.59793497719846,1,80.22316105210798,49.44566808022056,No,8.0,3.9,Not Placed,0.0
1363,18,Female,7.51,ECE,Tier 2,1,3,3,45.14257624998066,76.79173949550974,55.16724856306362,44.351378051032256,1,3,130,71.09845165828744,79.12757657601765,1,38.8712958345494,41.89210871736836,Yes,8.8,0.8,Not Placed,0.0
1364,18,Female,6.61,CSE,Tier 3,1,0,1,78.54346601313574,68.63617294769372,45.1896648445052,76.83829545101426,1,5,196,71.78516441385273,68.61132173738883,0,53.75249344575452,39.560180876628216,No,10.0,3.9,Not Placed,0.0
1365,21,Female,8.83,ECE,Tier 2,0,3,2,70.58687575940813,62.28006107367139,64.58063906384999,40.23490862919581,2,3,874,80.72617122142708,92.33080795766324,0,61.204647429786085,87.22870731966586,No,7.5,4.8,Placed,9.97
1366,22,Female,7.41,CSE,Tier 3,1,3,3,90.8977814839367,85.39532727841865,80.2924891474589,63.10739648052788,2,6,55,62.73662014974072,75.35218041948771,0,50.929061475776415,67.45568873558288,No,7.5,1.3,Placed,7.82
1367,24,Female,7.7,CSE,Tier 3,0,3,2,87.46250888351025,98.60105055035288,29.686138387176968,76.60166207409361,2,3,856,57.50102182221429,96.51502401290615,1,43.85758395478774,66.51690457277813,No,6.1,5.3,Not Placed,0.0
1368,24,Male,7.69,ECE,Tier 1,0,3,0,60.21381975268733,76.98537998251979,72.78525705836307,74.70068947254948,1,4,349,75.88992791089919,71.07638944827693,0,27.537281279074666,72.28915449212502,No,9.4,0.5,Not Placed,0.0
1369,18,Female,8.77,Mechanical,Tier 2,1,2,0,63.625491104303016,100.0,75.35336667345814,87.67346440166973,2,1,958,77.74294955490875,74.7722559357687,1,39.76387389374239,12.183484276276168,Yes,4.6,2.0,Not Placed,0.0
1370,23,Male,6.99,EEE,Tier 2,1,5,3,68.76656194191811,51.1955458558687,76.9060970117778,39.83486797848835,1,4,375,56.36519739451657,65.84511585418409,0,54.60331978409653,52.49713211629558,No,6.7,5.0,Not Placed,0.0
1371,21,Male,7.92,Civil,Tier 1,1,3,2,46.22609580179859,70.0692841449453,85.44878746078645,95.65175344448689,1,6,434,70.92969308281648,98.1727674077664,1,56.94012013217058,27.298774555529263,No,4.7,3.0,Not Placed,0.0
1372,20,Female,6.86,ECE,Tier 1,1,1,5,79.2362512656046,37.24445286556816,39.304327159375646,77.97011959863734,0,1,897,43.21764928799392,89.4975262296185,0,100.0,66.1126039295687,Yes,7.4,4.5,Placed,10.26
1373,18,Male,8.03,CSE,Tier 3,3,3,1,100.0,57.78122092733251,60.302338630187,54.41448297207072,0,3,435,76.48679144270601,71.74916828815131,0,38.31522532953715,44.912565788678336,No,4.5,3.3,Placed,6.87
1374,20,Male,5.96,EEE,Tier 2,3,5,0,67.51861545060116,74.58334721487097,64.1080450800026,100.0,1,4,902,58.86106622475853,100.0,1,50.136421690944736,61.725719559473056,No,7.0,1.8,Not Placed,0.0
1375,22,Female,8.56,Civil,Tier 2,1,0,4,74.8816528449088,95.46043327259837,97.31399061938168,87.3250001096623,1,2,489,62.51678837940452,82.49277202534516,0,73.8209517395807,73.35309939007772,No,3.9,4.4,Placed,12.19
1376,19,Male,7.99,IT,Tier 1,0,2,1,65.35366949774706,71.76533268732027,57.21839302145891,90.64589417466112,1,2,706,83.72592872088606,78.47048317601954,0,35.142038944839186,57.93783787039861,Yes,6.8,3.6,Placed,9.7
1377,23,Male,8.12,CSE,Tier 2,0,2,1,97.72452430111632,78.6531884491316,76.95094655370805,50.79907822946225,2,2,997,50.33326784979181,85.18454771535173,1,79.29081459239768,75.09761829243473,No,6.8,5.4,Not Placed,0.0
1378,19,Male,7.62,EEE,Tier 3,0,3,3,69.01387940331075,68.74277225189388,45.26476052266965,56.42410637434443,2,8,353,79.58344928714557,78.72997338043069,0,72.66725236033815,28.679709974884485,Yes,4.8,2.6,Placed,6.74
1379,20,Male,7.85,EEE,Tier 3,3,1,3,53.399390488253175,60.3674520949396,67.53770512476588,85.02593377628789,0,2,66,86.72441718944819,95.023762782994,0,58.81373485392572,66.6318668227139,Yes,6.5,1.8,Placed,7.57
1380,20,Male,8.81,EEE,Tier 1,3,3,0,68.88109166180384,72.23852206502818,75.20632950028286,82.25871683260786,1,2,462,59.15292618989899,86.10711254265331,0,53.76077367198728,61.41125235907143,Yes,7.0,3.9,Placed,16.27
1381,19,Female,7.12,Mechanical,Tier 3,1,6,2,52.30791060939156,67.26943159512898,78.85294735730537,62.6401012083312,0,6,82,68.22160634866604,100.0,1,96.1323687615247,59.72718379095672,Yes,5.6,3.9,Not Placed,0.0
1382,21,Female,7.01,EEE,Tier 2,0,3,1,61.76579965141544,74.55509094141722,63.81299444263897,83.89320033198238,0,4,982,53.03412336699189,85.5769124549808,1,35.139520942268,64.63391687233634,No,9.0,2.1,Not Placed,0.0
1383,18,Male,6.77,ECE,Tier 1,2,6,2,52.04120462386062,53.04684640606089,84.01491443675542,51.8825687274913,2,5,333,75.3877028235847,83.49851311112879,0,63.88267784406706,65.86709624007443,No,7.9,4.1,Placed,14.01
1384,21,Female,6.66,CSE,Tier 1,0,1,3,81.4269031291584,83.26325499872114,50.3302678625447,63.77996673152994,1,7,808,76.00687536115869,88.16994164461691,1,44.96862395857439,21.40875594939358,No,10.0,2.9,Not Placed,0.0
1385,21,Male,6.88,Civil,Tier 1,1,3,2,93.09893080826826,84.11429392777882,64.9867400514231,82.04849612406703,1,3,425,62.55010273101093,80.95980776381786,1,69.2028223958205,40.86934318331999,Yes,8.0,2.5,Placed,9.13
1386,21,Male,6.59,EEE,Tier 1,2,2,1,64.82424899632478,75.581001924387,75.767951181654,46.87155095881826,2,5,476,88.23422234929458,73.59939373651801,1,41.92538227242429,67.93595964137056,Yes,6.8,3.2,Not Placed,0.0
1387,23,Male,6.99,ECE,Tier 1,1,6,0,100.0,70.5527527736901,53.53335821015773,39.54123450785741,2,7,606,71.73212703990767,78.43373321844835,0,71.9619081921407,42.48218106044149,No,7.0,6.3,Placed,12.97
1388,22,Male,6.43,ECE,Tier 3,2,4,2,73.7717458224651,81.27468605558857,61.91926537820415,61.76063238027672,0,9,327,78.9747582740451,82.69583137151416,1,49.1612423784356,63.32762642602791,Yes,8.0,5.7,Placed,5.52
1389,24,Male,6.53,ECE,Tier 3,0,2,1,86.02886218267156,91.96115965473018,72.48772282625539,90.53513082623176,2,4,507,76.14507977517202,75.51573862544392,0,53.9306442091629,49.01620597408897,No,7.0,3.4,Placed,5.07
1390,24,Female,8.2,EEE,Tier 2,1,1,0,80.80752651948278,80.73542539582496,81.25490184703229,83.55142720019637,1,4,531,68.94417370393545,89.60333827838696,0,69.45442336153066,66.81118222085475,Yes,6.9,4.5,Placed,8.55
1391,19,Female,8.04,ECE,Tier 3,2,3,2,56.430027532047546,43.41310443457512,77.93893100851511,84.65285824992804,0,4,718,70.70655103546638,80.43461271452702,0,94.54311639698987,43.73993114781419,No,4.1,4.8,Placed,7.18
1392,24,Male,8.48,ECE,Tier 3,0,1,1,71.77173705387939,52.5670936636797,79.14940004285097,98.79145185542222,1,5,123,50.956504117424586,80.00721869644141,0,62.46572053987703,84.3356461181802,Yes,8.0,6.0,Not Placed,0.0
1393,18,Male,7.86,CSE,Tier 1,1,6,2,51.74739453935604,76.92795656093342,54.95236503942564,81.39037094891451,2,1,958,79.04024172144013,97.73450715022966,2,51.58319432866136,52.808121767407066,No,8.2,2.5,Not Placed,0.0
1394,20,Female,7.28,CSE,Tier 2,0,2,0,84.17415087114028,67.68194433133486,71.03012447753369,57.98728240870132,0,5,542,67.4672038199983,100.0,0,53.68625030895552,47.23659170589107,Yes,4.5,3.0,Not Placed,0.0
1395,24,Male,7.37,EEE,Tier 1,0,3,3,63.36507034657639,88.50026684815117,54.51978929143233,96.71786125257834,0,7,212,83.58196154683606,87.37349428737312,2,48.48980768257009,36.24932523017959,No,8.1,5.4,Not Placed,0.0
1396,21,Female,6.91,Civil,Tier 1,1,3,2,71.26195155489646,53.87929509933788,85.26357695520386,71.69350955215258,2,3,455,71.08190363338775,74.15793057451619,1,25.420754662847443,33.41436596684302,No,6.5,4.2,Not Placed,0.0
1397,18,Male,7.68,EEE,Tier 3,2,2,2,79.35515093220224,68.41469794255869,70.13173916008598,66.2991378175514,2,7,315,76.94485858604313,82.05059329879728,0,62.04508269976936,30.92628743159654,No,8.0,4.3,Placed,6.14
1398,19,Male,7.14,Mechanical,Tier 2,1,4,2,57.04956656116113,41.85928335643433,56.19083971244588,87.29384567205113,0,3,255,72.98292733759195,66.94699430187534,2,52.89245045411907,39.79444941608954,No,8.0,1.3,Not Placed,0.0
1399,21,Female,7.62,CSE,Tier 2,0,3,4,42.20871857468895,76.27477620752771,53.76631411379419,67.50925820022887,2,5,797,50.00721984455846,82.97344375785634,1,24.12942036485046,69.15650835683904,No,6.1,3.2,Not Placed,0.0
1400,24,Male,6.02,ECE,Tier 2,2,3,1,77.27537230586395,59.60558109678729,70.23506422182554,54.71338884903653,1,2,772,67.19029511999264,100.0,1,48.58139672092129,68.70506550112039,No,8.2,2.6,Not Placed,0.0
1401,18,Female,7.54,Mechanical,Tier 1,1,4,3,39.30990592667622,76.33150681763038,53.68113214532524,73.6312818833247,3,3,679,67.28891698832123,87.64715846651092,0,58.71277040551847,42.34399946007652,No,7.0,2.7,Placed,9.31
1402,22,Female,8.61,ECE,Tier 1,1,2,1,43.21668245168887,36.24939327850666,74.3429912815954,59.58829627662125,1,4,59,75.88918050748543,90.73106808592304,0,60.20626008137887,73.06000670129637,Yes,6.6,4.3,Placed,10.17
1403,24,Female,6.03,Mechanical,Tier 2,1,4,1,39.36740968659602,85.97365941220826,68.47001814388581,88.90069768773918,0,3,642,75.66290360402708,91.57417976871136,0,70.12413637441007,52.84208712374239,No,5.1,4.2,Placed,7.42
1404,21,Male,8.8,Mechanical,Tier 1,0,2,1,76.14281255063948,61.9208219906548,71.74303635554215,40.66008606415477,1,2,644,55.033120640810125,79.883984291446,0,85.98556564582533,67.1897240828864,Yes,7.3,2.2,Placed,10.43
1405,24,Male,7.21,CSE,Tier 2,2,3,2,53.7554811401464,51.72641276619612,46.30031018084034,37.4323773063947,1,6,868,60.30028053570975,76.12887578267332,0,65.69441946168814,46.00422534850059,Yes,7.3,5.6,Placed,7.91
1406,21,Male,7.35,Mechanical,Tier 1,1,0,2,78.06022736426064,56.21024836476675,89.70308249493016,71.79923391527689,2,5,623,85.89740172751695,100.0,0,28.202502186653888,45.001400731578855,Yes,6.3,4.2,Placed,9.89
1407,20,Male,6.66,EEE,Tier 2,2,3,0,78.94655292113464,63.29943960120879,61.37675383665291,79.02716538503111,0,7,979,64.4328648625136,91.29050229986446,2,56.48147773733006,25.01138377459244,Yes,8.3,4.1,Not Placed,0.0
1408,18,Male,7.39,Civil,Tier 3,1,4,2,59.98982521083083,84.16638118906624,49.74776341554731,39.27025336181576,4,4,483,75.46210537684655,94.77366625608516,1,38.19078382610205,90.47358636413564,No,6.0,7.1,Not Placed,0.0
1409,19,Male,8.93,CSE,Tier 3,1,2,2,81.71918363150539,47.04202475477402,44.28675879941745,82.38958322843635,1,3,738,73.90703600782452,83.37836796256012,0,99.38399185185006,26.77277280265491,No,8.9,3.7,Placed,6.4
1410,22,Male,7.9,Mechanical,Tier 3,0,3,0,67.598766871735,51.26600544065354,63.833754735655,70.47589852239608,0,4,295,60.86566771496565,94.6351176757968,0,41.28290778028415,44.70245196157965,No,6.6,5.4,Not Placed,0.0
1411,23,Female,7.84,IT,Tier 2,2,4,2,57.98491824377573,65.6705238647419,67.27022569944435,74.00854073221805,0,2,789,82.66574611965365,94.02880843999084,2,79.24344918052644,45.58790481743063,Yes,6.3,2.3,Not Placed,0.0
1412,24,Female,7.93,CSE,Tier 3,1,6,4,86.39087248323403,77.47001166517742,95.938500583888,31.129762249768355,1,6,580,73.33071394861942,78.16134586656256,1,81.86356231020491,71.06614193980717,Yes,7.3,3.2,Placed,6.39
1413,21,Female,8.58,ECE,Tier 2,1,6,2,74.8458651090846,49.718175604075725,59.8393285479574,76.22814786440973,3,2,529,79.9555461170928,77.38280336344077,1,70.9879161532161,62.66761406599538,No,5.6,4.1,Placed,7.93
1414,20,Female,7.8,CSE,Tier 3,3,5,4,75.50951833399436,50.11325477722552,66.09135684166344,87.42464322065726,1,6,554,72.38455576740607,75.30445837608657,0,78.13162316402054,52.16560979445765,No,9.3,3.3,Placed,13.1
1415,18,Male,8.88,IT,Tier 3,0,4,0,68.8076963837345,54.3473218483958,86.90902454598627,75.15417612363674,3,4,927,53.813551653458674,92.03368695718544,0,69.34451819833906,88.35209944964694,Yes,4.4,5.3,Placed,5.76
1416,22,Male,7.28,IT,Tier 1,1,2,3,59.652825804473785,61.9558834622227,57.20421688045919,66.1648217574893,2,5,880,59.72908327520948,80.00297053433843,3,90.76653324392946,56.053778877493095,No,6.5,4.8,Not Placed,0.0
1417,20,Female,6.28,EEE,Tier 3,0,4,2,68.35726747657088,46.652478606213165,71.09924132529001,59.3018635343236,1,3,546,64.26922367168348,89.81042244874794,0,97.31961920747888,76.96409999260766,Yes,7.9,1.9,Not Placed,0.0
1418,20,Male,8.56,ECE,Tier 2,1,3,5,71.8986903145766,65.61825116202658,49.40318867609971,73.0707395905356,2,3,709,78.9792615874309,68.86909090083358,1,44.6015203606493,100.0,Yes,6.7,2.0,Placed,7.69
1419,23,Female,8.4,ECE,Tier 1,2,5,3,76.08376455026337,47.904728278342745,65.30918593763685,87.67564455510121,0,6,222,81.96262572681238,91.29704366957036,0,76.65373564262077,62.12325504308002,No,5.2,2.3,Placed,17.07
1420,21,Female,8.62,CSE,Tier 1,0,2,2,50.22388680054195,58.9238428573418,53.2046047872007,58.11302156045357,0,5,616,77.97849600269642,74.22855310913631,1,65.90631938555067,63.31166473806182,No,8.8,5.1,Not Placed,0.0
1421,20,Female,6.0,IT,Tier 2,2,5,4,75.16275059373191,54.04716453487262,55.61572618085623,43.46512720400186,0,7,453,85.2711199814959,99.44874372387014,0,36.9414296725364,0.0,Yes,6.6,3.6,Placed,8.81
1422,21,Male,7.0,IT,Tier 3,0,2,1,70.86785108727894,92.15302907243158,75.81222078064017,71.7428005275187,0,4,352,50.92015892998656,93.55747594304609,0,68.57683631322932,40.86747385315463,Yes,6.3,4.1,Not Placed,0.0
1423,20,Female,8.09,Mechanical,Tier 3,0,2,3,88.86251297804989,50.98397873137975,69.81813621409516,51.395426357274125,3,5,777,50.45602545393052,78.69821039692305,0,79.86885830458627,71.44037789546978,No,8.1,3.0,Placed,5.05
1424,22,Female,6.02,CSE,Tier 1,1,2,3,79.15127751454118,90.8354115292116,59.54534393720125,56.92397383986696,0,4,610,76.52867167564779,67.93682951574678,0,100.0,51.1188095678053,No,5.6,2.9,Placed,9.38
1425,24,Male,7.72,IT,Tier 3,0,2,2,67.36554464137464,44.522688112922026,94.02798321173252,61.68592201831141,2,3,105,59.68062334182804,100.0,1,48.19819047089021,31.21355263125549,Yes,8.2,3.8,Not Placed,0.0
1426,19,Male,6.95,CSE,Tier 3,0,2,1,86.87682561048658,39.601124800565856,74.07504010426443,53.17192914908728,2,2,133,77.69771824377945,85.52530735835029,0,52.20009201001499,5.49691158760352,No,7.0,6.3,Not Placed,0.0
1427,23,Female,8.48,CSE,Tier 2,3,4,4,63.96475192519885,65.83684743054839,37.373749422132505,54.47784692376377,0,5,652,55.84740627197577,92.5869546300032,0,71.50684137004043,51.7994262017038,No,4.2,1.2,Placed,13.04
1428,18,Female,6.81,Civil,Tier 2,3,3,1,34.40396255760366,67.01000109816171,56.89427168268018,40.22176314922277,0,4,86,81.78524566417266,89.91952192654907,0,35.76206704575715,62.45610246655927,No,7.4,4.3,Not Placed,0.0
1429,21,Male,6.96,ECE,Tier 3,1,2,2,36.93759005628607,64.77800197275297,95.64386286970688,53.891306723104094,0,3,329,62.63428933452956,88.50516867116374,0,53.17766388030718,100.0,No,5.8,2.3,Not Placed,0.0
1430,23,Male,6.2,ECE,Tier 1,0,1,0,43.75730083058605,74.67854395985911,82.25701153262034,65.2828809810282,3,5,266,46.77484052646317,83.88624403669601,1,50.709733220437016,25.586177678730976,Yes,7.0,5.8,Not Placed,0.0
1431,21,Female,9.18,CSE,Tier 2,4,1,5,71.52381278054197,68.40738536647447,79.850203677751,50.00406876273952,0,3,389,59.64308720242092,72.92854272824084,2,38.45991557257323,60.60506651662065,Yes,6.9,3.1,Not Placed,0.0
1432,20,Male,6.63,CSE,Tier 3,1,1,1,42.41986597542417,66.35969892201526,64.26560569279471,75.08946496291844,1,3,968,84.49096176776166,93.08341277546054,0,52.28930883935614,64.97236594092037,No,7.9,5.0,Not Placed,0.0
1433,23,Female,6.86,CSE,Tier 2,2,1,3,80.394569567937,76.75604101089058,58.81336191789266,63.818463406521566,1,5,392,67.33688273196164,80.63037504109616,0,93.96861715964717,27.97269007155129,Yes,10.0,3.6,Placed,10.31
1434,20,Female,7.19,CSE,Tier 2,3,3,2,100.0,54.430793652645896,64.98483472134814,45.64300236031876,1,0,912,96.94650609657296,86.70490452000709,1,66.96554775363134,15.591899640853669,Yes,8.3,2.5,Placed,7.18
1435,23,Male,8.51,CSE,Tier 3,1,7,1,82.9786236765993,69.60017545390023,55.36739292456012,52.30098695695887,0,5,624,59.43944447116274,96.1810890776414,2,57.2236760328788,45.90746733836963,Yes,5.5,3.7,Not Placed,0.0
1436,18,Female,6.99,CSE,Tier 1,0,4,1,88.3779621276364,63.36873219613243,66.66401741880624,50.71766040757986,0,3,376,73.75936817343191,94.90018346583774,0,97.64721272871805,30.32794686190817,Yes,7.0,2.5,Placed,9.96
1437,20,Male,8.63,ECE,Tier 2,1,2,2,82.02958738334387,45.19737264622887,86.22552943636289,67.90758209294017,3,5,700,62.736326804794565,78.04139733246248,0,59.52737182272884,65.8372605892999,No,7.6,4.8,Placed,9.52
1438,18,Female,8.36,CSE,Tier 1,2,3,2,91.57336450958434,76.25119249025424,80.49198055078693,89.85960094922234,1,7,424,68.52157656182474,91.37042902269978,0,71.0149207849795,35.30099791838008,Yes,5.9,5.0,Placed,17.54
1439,21,Male,6.57,CSE,Tier 1,3,1,2,70.09166489618802,68.08912243297732,87.34423526464117,76.45471905023469,1,2,395,83.77826108328449,82.92922448579701,0,72.80956145018452,66.07305891011342,No,8.9,2.3,Placed,13.25
1440,24,Male,7.71,CSE,Tier 1,1,2,3,62.07926963357774,69.1705759186789,71.12926970255852,71.1787623565532,1,5,513,68.69398974012674,78.70603533670632,0,41.27858106602374,82.19588227770224,Yes,9.8,3.5,Placed,12.28
1441,19,Male,8.18,Mechanical,Tier 2,1,2,3,60.05538066722322,76.42473132764809,81.75338694756054,51.8728827796343,1,1,647,60.8580818278501,100.0,0,31.14435024911212,61.815561035260586,Yes,5.6,3.3,Placed,8.78
1442,19,Female,7.78,Mechanical,Tier 2,0,4,1,67.23022009565146,78.0555062373904,67.54458857972318,57.2612349473515,2,8,781,50.5643079860031,70.38875727173934,0,63.83319373972257,58.99907167759698,No,3.9,5.1,Placed,8.42
1443,24,Female,8.35,ECE,Tier 1,3,5,1,62.216624163152765,88.29658399461185,59.211103212964574,60.655017389498425,1,3,505,71.95905182866365,78.32593843358238,0,23.799668768638085,58.308790499957695,Yes,8.6,2.9,Placed,14.78
1444,21,Male,8.13,CSE,Tier 1,1,2,1,59.72826827338685,51.04386679742847,83.69721741708966,59.87903455123508,0,12,299,60.65758520015285,83.79937843888275,1,58.29801396649092,13.704829849150393,No,7.9,2.1,Not Placed,0.0
1445,23,Male,7.05,IT,Tier 2,5,5,2,73.00057039170814,66.80560127134027,75.05556383866148,80.58984139897387,0,4,563,49.299269433561605,80.6146754650004,2,56.88038507819456,18.201877073543365,No,5.1,4.0,Not Placed,0.0
1446,22,Male,8.5,IT,Tier 2,1,3,2,67.81703257697585,45.17630448784577,84.08580958585776,55.79383550760771,0,4,937,80.7988977252486,78.2127456622221,0,70.66738708323984,70.16971452299379,No,5.0,1.0,Placed,8.23
1447,23,Female,6.98,EEE,Tier 3,3,1,4,75.71905450026134,36.62579752853801,93.22793804139428,91.8433787076946,4,7,335,66.13510089713768,90.32470949429106,0,89.60674033070615,55.04767980758724,Yes,5.7,3.1,Placed,8.61
1448,19,Male,7.37,CSE,Tier 3,2,4,2,74.2490989285216,86.53221098152353,32.071461021181825,54.778027501626326,0,3,135,83.46186753839689,86.14598683243598,1,67.51559236616936,95.13198005644712,No,6.7,1.6,Placed,4.73
1449,22,Male,7.6,ECE,Tier 1,2,6,1,67.18740932156916,42.51324785577913,76.71373932561454,50.67067844946851,0,5,974,71.27776969213272,81.3163107830317,0,58.83676189403023,40.068066658126085,Yes,8.2,3.6,Placed,12.88
1450,20,Male,5.73,CSE,Tier 3,2,3,0,57.04486629530003,85.5853770403871,68.60763310713033,71.51431189517596,1,6,975,61.207087656134135,90.8633652390478,0,60.651345889888354,58.68513468155813,No,7.0,3.6,Not Placed,0.0
1451,21,Male,7.73,CSE,Tier 3,1,3,3,65.69836894297997,49.30462169057297,71.278011198251,54.75092527349753,0,3,969,73.67631240628958,85.75633409402373,0,52.1399842013394,54.53193015853575,No,9.3,5.8,Placed,5.26
1452,24,Male,6.91,Mechanical,Tier 2,3,2,0,84.93853218761262,58.272861836961255,74.37755924462074,52.15937931668554,1,8,934,85.47365694532435,95.56914963325676,2,74.20984328545727,54.48193426213175,Yes,9.1,2.3,Not Placed,0.0
1453,18,Male,6.43,IT,Tier 1,3,2,2,67.65444825765813,73.3241888940797,60.88445492924104,67.32397517753533,2,4,459,83.61037693254879,89.72979234250379,1,71.23945201618315,19.21639970248296,Yes,8.2,5.3,Placed,9.02
1454,21,Male,5.87,ECE,Tier 3,1,0,3,67.47189204138861,50.31533319859483,59.94638416780237,48.00502334145864,1,5,567,64.68471947555969,81.8429892806015,0,38.4218225797685,49.79051118697375,Yes,3.8,1.4,Not Placed,0.0
1455,23,Female,7.7,IT,Tier 3,1,3,0,53.16916392049572,68.10755718451259,51.03442803920127,71.94744677476808,1,4,405,54.86213188289146,83.9385358036076,0,69.05154854021129,78.39275811963884,Yes,8.4,3.0,Placed,4.75
1456,20,Male,7.9,IT,Tier 2,1,1,1,76.5679861214618,63.33894488046731,87.34600191363066,87.9338687926546,2,1,626,89.34175986697711,84.16922090354451,1,78.4288541282524,71.8577632931605,No,7.3,6.2,Not Placed,0.0
1457,23,Male,7.73,IT,Tier 2,2,2,2,55.88074726838589,57.198964767522696,74.3771592635436,67.53074227361796,4,6,122,83.33449428937516,86.58905458411131,0,44.915235820080746,48.5894097679746,No,6.7,1.8,Placed,10.24
1458,19,Female,8.15,Mechanical,Tier 2,1,2,2,68.58669004401199,81.9634309489333,37.06868554905945,71.70431210257439,2,2,973,79.79779570559302,82.02749947177973,0,66.4112145854548,49.67406563128999,Yes,6.2,6.2,Placed,9.75
1459,22,Male,9.21,Civil,Tier 2,1,2,2,78.15914367043393,53.02388930630838,77.94329579769247,64.22656747853969,4,4,896,51.561115775181925,87.61629448556383,0,34.97038296130531,52.92332077900505,Yes,6.4,4.6,Placed,11.06
1460,23,Male,7.67,IT,Tier 3,1,4,3,49.9177026688084,100.0,57.9647853222785,62.60897151817407,2,0,296,68.86661205936619,81.13615476245121,0,58.43104568417074,76.07287484600641,No,6.8,5.1,Placed,7.31
1461,23,Male,8.74,IT,Tier 2,0,6,0,54.81821268815733,67.35155293478361,65.8799035315089,65.8599630981704,0,3,466,89.6529353803514,78.93492820143739,0,93.08078673305232,59.66742691436171,Yes,8.7,3.5,Placed,8.62
1462,20,Female,7.3,EEE,Tier 2,0,3,1,61.41042973225747,66.32090230202178,54.94969961455988,54.17411525064297,1,4,625,69.10728229047172,69.38476916874158,1,100.0,81.0215121168114,No,6.5,3.2,Not Placed,0.0
1463,22,Female,6.97,EEE,Tier 2,3,3,2,78.54139707941377,61.42465619503107,73.97856890564702,36.73844274782081,1,4,499,53.97715726968191,86.79552619193993,1,58.51721950999467,72.6953130937647,No,4.7,3.5,Not Placed,0.0
1464,18,Female,8.35,CSE,Tier 2,2,3,0,57.80009927441641,76.65074434163567,77.87351513677763,51.51985162319711,2,6,69,54.91389571378154,94.1061984042101,0,30.85107166415784,71.01151680409212,Yes,6.9,5.3,Placed,8.03
1465,20,Male,6.67,IT,Tier 2,0,4,3,81.63159592784507,41.67209286779219,82.4940073214784,53.72406688691146,1,5,891,56.04225919669536,97.41774494319228,1,70.60615582065282,39.77923808906169,No,7.6,2.5,Not Placed,0.0
1466,19,Male,7.22,CSE,Tier 3,2,7,0,61.77722371061808,55.13123034139584,75.75038667386164,67.42555688642975,4,5,334,67.03160942639562,87.156938360745,0,68.91967006098164,79.08431908737808,Yes,5.9,5.2,Placed,8.14
1467,19,Male,7.31,Civil,Tier 1,1,3,1,54.29547538640885,100.0,52.072604437798965,55.36714714107759,1,7,398,73.3966181162073,88.92355389102832,0,73.2132652112823,43.190009422192205,Yes,6.3,3.9,Placed,12.41
1468,18,Male,8.43,CSE,Tier 2,2,2,0,92.3173628364432,73.06868092115226,54.75638315806876,38.69340197496015,0,2,695,66.28324195362036,96.84817035720046,1,63.12836041550631,64.69533911050625,Yes,6.7,3.9,Not Placed,0.0
1469,18,Female,6.01,Civil,Tier 3,1,4,3,49.47229786724566,51.35076248034149,77.7092522797762,36.91141349438213,0,4,284,85.24580929921179,84.07473917072501,0,30.17780299732104,34.43304887565856,Yes,5.9,2.5,Not Placed,0.0
1470,21,Female,7.66,IT,Tier 3,0,1,3,80.16668618042736,70.68608429268699,97.03165724307708,63.0074247073274,0,4,151,81.2160763250871,90.40091709300636,0,54.0674723187685,40.15321309142417,Yes,9.0,5.7,Placed,5.94
1471,21,Male,6.63,ECE,Tier 1,1,1,0,51.61845999128506,62.79755096366593,71.28010151943914,79.27831557220824,3,2,580,66.39597683809313,98.46837959949212,1,77.23142685333343,38.334183746835976,No,9.8,3.5,Not Placed,0.0
1472,21,Male,7.04,Mechanical,Tier 3,3,6,3,58.76339055164359,68.12909744629155,77.64777031926866,95.13631814048622,2,2,64,66.98894374040422,85.83452792404879,0,64.92826024668199,51.27939293894731,No,7.9,3.0,Placed,8.73
1473,19,Male,5.42,EEE,Tier 3,2,3,6,88.25639839352226,56.78103968736556,99.91990212940438,60.11681541257462,1,1,542,75.62914293301345,100.0,1,86.44989374024709,42.21223153774959,Yes,7.3,4.1,Not Placed,0.0
1474,24,Female,6.99,EEE,Tier 2,1,3,0,60.68194559331633,63.4846322755569,61.15419839543212,40.188689346454645,1,7,176,70.17025881287215,95.60483776108642,0,58.7364268893489,32.90584074213423,No,6.1,3.7,Not Placed,0.0
1475,23,Male,7.47,IT,Tier 3,2,4,1,80.91313709948363,51.01536533726255,57.14355189841103,86.32160721841014,1,4,864,60.055714278889255,99.97996198434626,1,41.38587390356311,89.06893310836722,Yes,7.5,1.8,Not Placed,0.0
1476,21,Female,7.4,ECE,Tier 3,1,1,2,96.65882977463129,43.539972958686334,67.95460819200261,65.44431163166719,0,8,75,63.204049151788034,97.97617657405566,0,46.0388273132551,50.57178239803535,Yes,6.0,3.9,Placed,5.89
1477,19,Female,8.97,Civil,Tier 1,2,1,0,89.54399650675893,58.911001965175686,73.42022062247847,63.1400024320369,1,3,650,41.84378732391305,92.08180506367668,0,52.22296516434984,52.978271488800885,No,10.0,5.5,Placed,10.87
1478,22,Female,9.07,Civil,Tier 2,0,4,1,45.073184471917926,95.34126996713256,66.67708446340872,68.75660787363718,0,4,466,80.05713284953066,73.51499853886219,2,100.0,42.8166705638336,No,7.9,1.8,Not Placed,0.0
1479,19,Male,8.74,Civil,Tier 3,1,2,4,81.98192307262755,35.60288165784797,68.01113249815907,54.83700552159301,1,3,524,74.54532461535034,89.44919211535125,0,70.7726280359866,47.942469520527005,No,9.6,3.2,Placed,5.38
1480,24,Female,6.44,Mechanical,Tier 2,1,3,3,60.535407061916985,73.73339360302302,62.17525952538916,58.59238388194503,1,5,494,68.59811761052008,75.69780714375781,0,34.553261000264186,62.98467950423117,No,8.1,3.4,Not Placed,0.0
1481,24,Male,7.18,EEE,Tier 2,2,5,2,58.74050736180397,74.22031390326504,81.39657036321583,85.8961585089674,0,4,433,72.46733866556409,74.11050151807305,1,48.61177439098602,54.57252170537634,Yes,5.5,4.6,Placed,7.54
1482,21,Female,8.13,IT,Tier 2,0,6,3,54.24283965360611,65.3078168489964,94.16885243604516,55.36375445879014,5,4,479,51.24526659242896,83.16739116284859,0,51.87145522774808,34.72513989065841,No,8.5,1.6,Placed,7.29
1483,20,Female,6.92,EEE,Tier 3,2,6,1,61.79609787093993,52.46718450368218,86.84619140075814,74.0956564571538,1,4,699,67.61442234869783,95.07578545910948,2,82.0188086614072,76.95596524549828,No,9.6,5.5,Not Placed,0.0
1484,23,Male,7.53,Mechanical,Tier 2,2,3,2,73.14839404049093,70.55979043324986,59.627724520002246,70.39926716684425,1,4,849,99.6995211996672,84.31016292835565,0,45.74945530789045,60.42095700113164,No,7.3,2.4,Placed,10.36
1485,18,Male,7.43,IT,Tier 2,1,4,1,79.67440034985842,43.99892780061043,67.47507408545769,71.69096714501312,0,1,439,73.8673912293178,83.96899279013203,0,44.71341310725478,65.85218251661689,No,4.4,1.3,Placed,7.77
1486,18,Female,8.66,Mechanical,Tier 1,3,2,7,82.90314263226907,62.5947045838375,77.8265150664671,100.0,1,2,910,50.36984625868045,100.0,1,38.39097569745249,79.40344020794136,No,9.4,5.0,Placed,12.42
1487,21,Female,8.08,Civil,Tier 1,1,4,0,84.6817507085665,67.12200476242667,55.25923016044933,64.94095007684358,0,5,130,84.79520505522652,86.16774437684334,1,45.07759910899112,50.64321944462024,Yes,10.0,2.2,Not Placed,0.0
1488,20,Male,8.32,EEE,Tier 3,0,3,0,65.94746133423612,73.62909433121943,82.21424542026594,84.48644530432131,1,3,491,80.7177967071261,93.3323359822812,0,52.881564962127065,70.05739589824009,No,8.4,0.9,Not Placed,0.0
1489,22,Female,8.65,Civil,Tier 1,1,4,2,48.0624226241028,66.49581342250269,66.75804534319641,91.19043437921653,2,5,729,68.73456574973946,75.58705601342113,2,29.28436339437731,29.36599561660943,No,7.4,3.0,Not Placed,0.0
1490,23,Male,5.29,Civil,Tier 1,0,1,2,54.27144074878407,77.03363326137581,55.06232819593568,92.61742670193613,1,3,515,60.99839885981632,97.12176091199466,0,51.21122034572297,76.3931688141118,Yes,7.6,2.6,Not Placed,0.0
1491,23,Male,7.09,EEE,Tier 1,1,1,4,71.86083344076246,61.54120975742499,85.49770160541644,59.31189256131261,1,5,709,75.18363271232082,80.59979499595195,1,56.0725667133337,48.71076617701696,Yes,6.9,6.3,Not Placed,0.0
1492,18,Male,6.91,IT,Tier 2,0,1,4,100.0,70.57106182535576,75.97229856408049,45.85093029397365,1,5,519,100.0,69.72318216429157,1,66.15752850644033,29.12889801198945,Yes,5.8,6.0,Placed,7.69
1493,21,Male,7.09,EEE,Tier 1,3,2,1,55.704039594092,73.86819436789875,75.94052250261704,62.165530263606016,2,2,552,55.86042393820385,90.5804378878615,1,61.68771499563052,38.31887851436196,No,5.2,5.3,Not Placed,0.0
1494,23,Male,6.48,CSE,Tier 2,7,2,2,82.89136705448611,63.65979117376218,51.307764462041135,97.07435953907677,0,4,645,65.06674827865727,68.8792188550657,1,60.13910626929432,64.04327721159348,Yes,9.0,2.6,Placed,6.66
1495,20,Female,9.9,Mechanical,Tier 3,1,3,5,80.79146240953895,95.81359364150212,67.4306970533738,85.07159407955089,0,2,773,89.12634182323694,77.53663126074638,0,97.76794506997736,95.73106485756271,Yes,7.9,1.6,Placed,14.21
1496,22,Male,8.47,Mechanical,Tier 1,2,3,0,78.39765259848423,58.07524651165788,63.83443378426218,76.26488557781241,1,1,581,64.56002769250622,81.66542561257175,0,32.77279941277295,29.239869031862508,Yes,8.2,2.4,Placed,13.9
1497,20,Male,8.14,Civil,Tier 3,3,1,0,61.504857572941816,66.82986632383647,50.84495028089778,64.06880625324534,1,4,525,69.32239275971305,78.40295892306959,1,50.01248048972629,68.27339311626885,No,6.0,2.8,Placed,4.64
1498,24,Female,8.66,Mechanical,Tier 3,0,7,4,94.25834953654144,74.41940295279225,54.014495131599695,87.51909444035888,0,3,307,76.92965415045315,78.91710668838579,0,36.4949163116537,97.53211924062144,Yes,7.1,0.6,Placed,10.83
1499,19,Male,6.45,EEE,Tier 2,2,4,2,78.06644507518033,30.854402677138022,64.08328141372112,60.00965771298636,1,1,633,52.106111196419086,85.36073829634549,1,63.45444159713897,70.35896083813492,Yes,8.6,1.4,Not Placed,0.0
1500,18,Male,10.0,CSE,Tier 2,2,4,2,86.69439443010211,77.1664864176825,66.62703760739115,42.99076186473984,3,4,590,46.2996271506519,80.12405221880564,0,59.153334247429214,54.677804429528194,No,10.0,4.4,Placed,13.38
